Severity,Type,Code,Source,Description,Count,Asset,Site,IsEv,CodeB,Causas,Recomendações,Peso,PesoSev,PesoReal,IC,Status de confiabilidade
Medium,Diagnostic,10--5,Engine,Cylinder #10 Injector:Current Below Normal,1.0,ABA00133,Lewis Hamilton,,,,,,10.0,,,Verde
Medium,Diagnostic,10--5,Engine,Cylinder #10 Injector:Current Below Normal,1.0,ABC00576,Ilhas Maldivas,,,,,,10.0,,,Verde
Low,Diagnostic,100--2,Engine,"Engine Oil Pressure Sensor:Erratic, Intermittent, or Incorrect",8.0,ABA00223,Lewis Hamilton,,,"Sensor defeituoso, cabo de interligação defeituoso.",Checagem do sensor e cabos de interligação; Troca do sensor e cabos de interligação.,1.0,5.6234,999.9905737984717,2.657782255942782,Verde
Low,Diagnostic,100--2,Engine,"Engine Oil Pressure Sensor:Erratic, Intermittent, or Incorrect",2.0,ABA00243,Lewis Hamilton,,,"Sensor defeituoso, cabo de interligação defeituoso.",Checagem do sensor e cabos de interligação; Troca do sensor e cabos de interligação.,1.0,5.6234,999.9905737984717,0.6644455639856955,Verde
Low,Diagnostic,100--2,Engine,"Engine Oil Pressure Sensor:Erratic, Intermittent, or Incorrect",2.0,ABA00247,Lewis Hamilton,,,"Sensor defeituoso, cabo de interligação defeituoso.",Checagem do sensor e cabos de interligação; Troca do sensor e cabos de interligação.,1.0,5.6234,999.9905737984717,0.6644455639856955,Verde
Low,Diagnostic,100--2,Engine,"Engine Oil Pressure Sensor:Erratic, Intermittent, or Incorrect",3.0,ABC00546,Hendrix,,,"Sensor defeituoso, cabo de interligação defeituoso.",Checagem do sensor e cabos de interligação; Troca do sensor e cabos de interligação.,1.0,5.6234,999.9905737984717,0.9966683459785431,Verde
Low,Diagnostic,100--2,Engine,"Engine Oil Pressure Sensor:Erratic, Intermittent, or Incorrect",4.0,ABC00547,Hendrix,,,"Sensor defeituoso, cabo de interligação defeituoso.",Checagem do sensor e cabos de interligação; Troca do sensor e cabos de interligação.,1.0,5.6234,999.9905737984717,1.328891127971391,Verde
Low,Diagnostic,100--2,Engine,"Engine Oil Pressure Sensor:Erratic, Intermittent, or Incorrect",3.0,ABC00548,Hendrix,,,"Sensor defeituoso, cabo de interligação defeituoso.",Checagem do sensor e cabos de interligação; Troca do sensor e cabos de interligação.,1.0,5.6234,999.9905737984717,0.9966683459785431,Verde
Medium,Diagnostic,100--3,Engine #3,Engine Oil Pressure Sensor:Voltage Above Normal,1.0,ABB00230,Marica,,,"Sensor defeituoso, cabo de interligação defeituoso",Checagem do sensor e cabos de interligação; Troca do sensor e cabos de interligação.,1.0,10.0,10000.0,3.3222591362126246,Verde
Low,Diagnostic,100--3,Engine,Engine Oil Pressure Sensor:Voltage Above Normal,1.0,ABB00231,Martin Miller,,,"Sensor defeituoso, cabo de interligação defeituoso",Checagem do sensor e cabos de interligação; Troca do sensor e cabos de interligação.,1.0,5.6234,999.9905737984717,0.33222278199284777,Verde
Low,Event (J1939),100--3,Not Available,Engine Oil Pressure:Voltage Above Normal,1.0,ABB00233,Marica,,,"Sensor defeituoso, cabo de interligação defeituoso",Checagem do sensor e cabos de interligação; Troca do sensor e cabos de interligação.,1.0,5.6234,999.9905737984717,0.33222278199284777,Verde
Low,Diagnostic,100--3,Engine,Engine Oil Pressure Sensor:Voltage Above Normal,2.0,ABC00547,Hendrix,,,"Sensor defeituoso, cabo de interligação defeituoso",Checagem do sensor e cabos de interligação; Troca do sensor e cabos de interligação.,1.0,5.6234,999.9905737984717,0.6644455639856955,Verde
Low,Diagnostic,100--3,Engine,Engine Oil Pressure Sensor:Voltage Above Normal,3.0,ABC00548,Hendrix,,,"Sensor defeituoso, cabo de interligação defeituoso",Checagem do sensor e cabos de interligação; Troca do sensor e cabos de interligação.,1.0,5.6234,999.9905737984717,0.9966683459785431,Verde
Low,Diagnostic,101--3,Engine,Crankcase Air Pressure Sensor:Voltage Above Normal,1.0,ABA00133,Lewis Hamilton,,,"Sensor defeituoso, cabo de interligação defeituoso ou desconectado.",Checagem do sensor e cabos de interligação; Troca do sensor e cabos de interligação.,1.0,5.6234,999.9905737984717,0.33222278199284777,Verde
Medium,Diagnostic,101--3,Engine #5,Crankcase Air Pressure Sensor:Voltage Above Normal,1.0,ABB00232,Florianopolis,,,"Sensor defeituoso, cabo de interligação defeituoso ou desconectado.",Checagem do sensor e cabos de interligação; Troca do sensor e cabos de interligação.,1.0,10.0,10000.0,3.3222591362126246,Verde
Low,Event (J1939),101--3,Not Available,Engine Crankcase Pressure:Voltage Above Normal,1.0,ABB00233,Marica,,,"Sensor defeituoso, cabo de interligação defeituoso ou desconectado.",Checagem do sensor e cabos de interligação; Troca do sensor e cabos de interligação.,1.0,5.6234,999.9905737984717,0.33222278199284777,Verde
Low,Diagnostic,101--3,Engine,Crankcase Air Pressure Sensor:Voltage Above Normal,1.0,ABC00548,Hendrix,,,"Sensor defeituoso, cabo de interligação defeituoso ou desconectado.",Checagem do sensor e cabos de interligação; Troca do sensor e cabos de interligação.,1.0,5.6234,999.9905737984717,0.33222278199284777,Verde
Low,Diagnostic,101--3,Engine,Crankcase Air Pressure Sensor:Voltage Above Normal,2.0,ABC00574,Ilhas Maldivas,,,"Sensor defeituoso, cabo de interligação defeituoso ou desconectado.",Checagem do sensor e cabos de interligação; Troca do sensor e cabos de interligação.,1.0,5.6234,999.9905737984717,0.6644455639856955,Verde
Low,Diagnostic,101--3,Engine,Crankcase Air Pressure Sensor:Voltage Above Normal,1.0,ABC00575,Ilhas Maldivas,,,"Sensor defeituoso, cabo de interligação defeituoso ou desconectado.",Checagem do sensor e cabos de interligação; Troca do sensor e cabos de interligação.,1.0,5.6234,999.9905737984717,0.33222278199284777,Verde
Low,Diagnostic,101--3,Engine,Crankcase Air Pressure Sensor:Voltage Above Normal,4.0,ABC00576,Ilhas Maldivas,,,"Sensor defeituoso, cabo de interligação defeituoso ou desconectado.",Checagem do sensor e cabos de interligação; Troca do sensor e cabos de interligação.,1.0,5.6234,999.9905737984717,1.328891127971391,Verde
Low,Event (J1939),102--3,Not Available,Engine Intake Manifold #1 Pressure:Voltage Above Normal,1.0,ABB00233,Marica,,,"Sensor defeituoso, chicote defeituoso, sensor desconectado.",Checagem do sensor e cabos de interligação; Troca do sensor e cabos de interligação.,1.0,5.6234,999.9905737984717,0.33222278199284777,Verde
Low,Event (J1939),102--4,Not Available,Engine Intake Manifold #1 Pressure:Voltage Below Normal,2.0,ABB00233,Marica,,,,,,5.6234,,,Verde
Low,Diagnostic,105--3,Engine,Inlet Manifold Temperature Sensor:Voltage Above Normal,44.0,ABA00133,Lewis Hamilton,,,"Sensor defeituoso, cabo de interligação defeituoso.",Checagem do sensor e cabos de interligação; Troca do sensor e cabos de interligação.,1.0,5.6234,999.9905737984717,14.6178024076853,Verde
Low,Diagnostic,105--3,Engine,Inlet Manifold Temperature Sensor:Voltage Above Normal,1.0,ABA00243,Lewis Hamilton,,,"Sensor defeituoso, cabo de interligação defeituoso.",Checagem do sensor e cabos de interligação; Troca do sensor e cabos de interligação.,1.0,5.6234,999.9905737984717,0.33222278199284777,Verde
Low,Event (J1939),105--3,Not Available,Engine Intake Manifold #1 Temperature:Voltage Above Normal,1.0,ABB00233,Marica,,,"Sensor defeituoso, cabo de interligação defeituoso.",Checagem do sensor e cabos de interligação; Troca do sensor e cabos de interligação.,1.0,5.6234,999.9905737984717,0.33222278199284777,Verde
Low,Diagnostic,105--3,Engine,Inlet Manifold Temperature Sensor:Voltage Above Normal,2.0,ABC00546,Hendrix,,,"Sensor defeituoso, cabo de interligação defeituoso.",Checagem do sensor e cabos de interligação; Troca do sensor e cabos de interligação.,1.0,5.6234,999.9905737984717,0.6644455639856955,Verde
Low,Diagnostic,105--3,Engine,Inlet Manifold Temperature Sensor:Voltage Above Normal,2.0,ABC00547,Hendrix,,,"Sensor defeituoso, cabo de interligação defeituoso.",Checagem do sensor e cabos de interligação; Troca do sensor e cabos de interligação.,1.0,5.6234,999.9905737984717,0.6644455639856955,Verde
Low,Diagnostic,105--3,Engine,Inlet Manifold Temperature Sensor:Voltage Above Normal,2.0,ABC00576,Ilhas Maldivas,,,"Sensor defeituoso, cabo de interligação defeituoso.",Checagem do sensor e cabos de interligação; Troca do sensor e cabos de interligação.,1.0,5.6234,999.9905737984717,0.6644455639856955,Verde
Low,Event (J1939),108--3,Not Available,Barometric Pressure:Voltage Above Normal,1.0,ABB00233,Marica,,,"Sensor defeituoso, cabo de interligação defeituoso.",Checagem do sensor e cabos de interligação; Troca do sensor e cabos de interligação.,1.0,5.6234,999.9905737984717,0.33222278199284777,Verde
Low,Event (J1939),108--4,Not Available,Barometric Pressure:Voltage Below Normal,1.0,ABB00233,Marica,,,,,,5.6234,,,Verde
Medium,Diagnostic,11--5,Engine,Cylinder #11 Injector:Current Below Normal,1.0,ABA00243,Lewis Hamilton,,,,,,10.0,,,Verde
Medium,Diagnostic,11--5,Engine,Cylinder #11 Injector:Current Below Normal,1.0,ABC00576,Ilhas Maldivas,,,,,,10.0,,,Verde
Low,Event (J1939),110--17,Not Available,Engine Coolant Temperature:Low - least severe (1),4.0,ABB00233,Marica,,,Operação em fatores de carga altos com baixa temperatura do sistema de arrefecimento. Aumento brusco do fator de carga no motor com temperatura baixa de arrefecimento.,"Operação em fatores de carga muito baixos, Antes de assumir cargas altas, o motor deve ser preaquecido até a temperatura de trabalho; Utilização de aquecedor de água de jaqueta.",1.0,5.6234,999.9905737984717,1.328891127971391,Verde
Medium,Diagnostic,110--3,Engine,Engine Coolant Temperature Sensor:Voltage Above Normal,1.0,ABB00231,Martin Miller,,,"Sensor defeituoso, cabo de interligação defeituoso.",Checagem do sensor e cabos de interligação; Troca do sensor e cabos de interligação.,1.0,10.0,10000.0,3.3222591362126246,Verde
Low,Event (J1939),110--3,Not Available,Engine Coolant Temperature:Voltage Above Normal,2.0,ABB00233,Marica,,,"Sensor defeituoso, cabo de interligação defeituoso.",Checagem do sensor e cabos de interligação; Troca do sensor e cabos de interligação.,1.0,5.6234,999.9905737984717,0.6644455639856955,Verde
Medium,Diagnostic,110--3,Engine,Engine Coolant Temperature Sensor:Voltage Above Normal,2.0,ABC00546,Hendrix,,,"Sensor defeituoso, cabo de interligação defeituoso.",Checagem do sensor e cabos de interligação; Troca do sensor e cabos de interligação.,1.0,10.0,10000.0,6.644518272425249,Verde
Medium,Diagnostic,110--3,Engine,Engine Coolant Temperature Sensor:Voltage Above Normal,2.0,ABC00547,Hendrix,,,"Sensor defeituoso, cabo de interligação defeituoso.",Checagem do sensor e cabos de interligação; Troca do sensor e cabos de interligação.,1.0,10.0,10000.0,6.644518272425249,Verde
Medium,Diagnostic,110--3,Engine,Engine Coolant Temperature Sensor:Voltage Above Normal,3.0,ABC00548,Hendrix,,,"Sensor defeituoso, cabo de interligação defeituoso.",Checagem do sensor e cabos de interligação; Troca do sensor e cabos de interligação.,1.0,10.0,10000.0,9.966777408637874,Verde
Low,Event (J1939),1176--3,Not Available,Engine Turbocharger #1 Compressor Inlet Pressure:Voltage Above Normal,1.0,ABB00233,Marica,,,"Sensor defeituoso, cabo de interligação defeituoso.",Checagem do sensor e cabos de interligação; Troca do sensor e cabos de interligação.,1.0,5.6234,999.9905737984717,0.33222278199284777,Verde
Low,Event (J1939),1177--3,Not Available,Engine Turbocharger #2 Compressor Inlet Pressure:Voltage Above Normal,1.0,ABB00233,Marica,,,"Sensor defeituoso, cabo de interligação defeituoso.",Checagem do sensor e cabos de interligação; Troca do sensor e cabos de interligação.,1.0,5.6234,999.9905737984717,0.33222278199284777,Verde
Medium,Diagnostic,1249--13,Engine #5,Secondary Throttle Position calibration required,2.0,ABB00231,Martin Miller,,,Falta de calibração sensor de posição do acelerador. ,A calibração do sensor de posição do acelerador requer o uso do Cat ET. ,1.0,10.0,10000.0,6.644518272425249,Verde
Medium,Diagnostic,1249--8,Engine #5,Secondary Throttle Position signal abnormal,1.0,ABB00231,Martin Miller,,,"Sensor defeituoso, cabo de interligação defeituoso ou desconectado.",Checagem do sensor e cabos de interligação; Troca do sensor e cabos de interligação.,1.0,10.0,10000.0,3.3222591362126246,Verde
Low,Event (J1939),1382--3,Not Available,Engine Fuel Filter (suction side) Differential Pressure:Voltage Above Normal,1.0,ABB00233,Marica,,,"Sensor defeituoso, cabo de interligação defeituoso.",Checagem do sensor e cabos de interligação; Troca do sensor e cabos de interligação.,1.0,5.6234,999.9905737984717,0.33222278199284777,Verde
Low,Diagnostic,1495--2,Engine,Injector Trim Codes Not Programmed,1.0,ABB00231,Martin Miller,,,Instalação de novo injetor sem cadastro no ECM.,Cadastrar informações do injetor no ECM.,,5.6234,,,Verde
Medium,Diagnostic,16--5,Engine,Cylinder #16 Injector:Current Below Normal,1.0,ABA00243,Lewis Hamilton,,,"Injetor defeituoso, cabo de interligação defeituoso.",Checagem do injetor e cabos de interligação; Troca do injetor e cabos de interligação.,1.0,10.0,10000.0,3.3222591362126246,Verde
Low,Event (J1939),1656--2,Not Available,"Engine Automatic Start Enable Switch:Erratic, Intermittent, or Incorrect",1.0,ABB00233,Marica,,,"Botoeira defeituoso, cabo de interligação defeituoso.",Checagem do botoeira e cabos de interligação; Troca do botoeira e cabos de interligação.,1.0,5.6234,999.9905737984717,0.33222278199284777,Verde
Medium,Diagnostic,168--1,Engine #5,Electrical System Voltage:Low,1.0,ABB00232,Florianopolis,,,A tensão de alimentação da bateria é inferior a 9 VDC por dois segundos. O ECM do motor foi alimentado por três segundos. O motor não está sendo acionado.,"Checar cabos e conectores, tensão do ECM e da bateria e Tensão do ECS.",1.0,10.0,10000.0,3.3222591362126246,Verde
Medium,Diagnostic,168--1,Engine,Electrical System Voltage:Low,1.0,ABC00575,Ilhas Maldivas,,,A tensão de alimentação da bateria é inferior a 9 VDC por dois segundos. O ECM do motor foi alimentado por três segundos. O motor não está sendo acionado.,"Checar cabos e conectores, tensão do ECM e da bateria e Tensão do ECS.",1.0,10.0,10000.0,3.3222591362126246,Verde
Low,Diagnostic,175--3,Engine,Engine Oil Temperature Sensor:Voltage Above Normal,1.0,ABA00243,Lewis Hamilton,,,"Sensor defeituoso, cabo de interligação defeituoso.",Checagem do sensor e cabos de interligação; Troca do sensor e cabos de interligação.,1.0,5.6234,999.9905737984717,0.33222278199284777,Verde
Low,Diagnostic,175--3,Engine,Engine Oil Temperature Sensor:Voltage Above Normal,1.0,ABB00231,Martin Miller,,,"Sensor defeituoso, cabo de interligação defeituoso.",Checagem do sensor e cabos de interligação; Troca do sensor e cabos de interligação.,1.0,5.6234,999.9905737984717,0.33222278199284777,Verde
Low,Diagnostic,175--3,Engine,Engine Oil Temperature Sensor:Voltage Above Normal,1.0,ABC00547,Hendrix,,,"Sensor defeituoso, cabo de interligação defeituoso.",Checagem do sensor e cabos de interligação; Troca do sensor e cabos de interligação.,1.0,5.6234,999.9905737984717,0.33222278199284777,Verde
Low,Diagnostic,175--3,Engine,Engine Oil Temperature Sensor:Voltage Above Normal,1.0,ABC00548,Hendrix,,,"Sensor defeituoso, cabo de interligação defeituoso.",Checagem do sensor e cabos de interligação; Troca do sensor e cabos de interligação.,1.0,5.6234,999.9905737984717,0.33222278199284777,Verde
Low,Diagnostic,247--9,Engine,SAE J1939 Data Link:Abnormal Update Rate,1.0,ABB00231,Martin Miller,,,Taxa de atualização anormal de algum módulo conectado à rede J1939. , Atualziação de todos os equipamentos da rede J1939 a fim de evitar conflitos de comunicação,1.0,5.6234,999.9905737984717,0.33222278199284777,Verde
Medium,Diagnostic,261--13,Engine #2,Engine Timing Calibration:Out of Calibration,1.0,ABB00231,Martin Miller,,,Fiação dos sensores com polaridade errada; Sensor defeituoso; Detonação no motor.,Checagem do sensor e cabos de interligação; Troca do sensor e cabos de interligação; calibração do timing do motor.,,10.0,,,Verde
Medium,Diagnostic,261--13,Engine #3,Engine Timing Calibration:Out of Calibration,1.0,ABB00234,Martin Miller,,,Fiação dos sensores com polaridade errada; Sensor defeituoso; Detonação no motor.,Checagem do sensor e cabos de interligação; Troca do sensor e cabos de interligação; calibração do timing do motor.,,10.0,,,Verde
Medium,Diagnostic,262--4,Engine,5 Volt Sensor DC Power Supply:Voltage Below Normal,1.0,ABB00231,Martin Miller,,,Tensão de 5V: Voltagem abaixo do normal. A alimentação 5vdc é fornecida pelo ECM e sua alteração pode indicar o mau funcionamento do mesmo.,Verificação do ECM e da estabilidade da tensão 5vdc para sensores; Verificação do chicote de interligação em busca de possíveis curtos na alimentação de todos os sensores 5vdc do motor.,1.0,10.0,10000.0,3.3222591362126246,Verde
Medium,Diagnostic,263--4,Engine,Digital Sensor Power Supply (8V Or 12V):Voltage Below Normal,6.0,ABC00574,Ilhas Maldivas,,,"Sensor defeituoso, cabo de interligação defeituoso.",Checagem do sensor e cabos de interligação; Troca do sensor e cabos de interligação.,1.0,10.0,10000.0,19.93355481727575,Verde
Medium,Diagnostic,268--2,Engine #2,"Programmed Parameter Fault:Erratic, Intermittent, or Incorrect",1.0,ABB00231,Martin Miller,,,"Falha em programação de equipamento terceiro, como painel ou controladora.",Diagnosticar origem da falha.,,10.0,,,Verde
Medium,Diagnostic,273--3,Engine,Turbocharger Outlet Pressure Sensor:Voltage Above Normal,1.0,ABB00231,Martin Miller,,,"Sensor defeituoso, cabo de interligação defeituoso.",Checagem do sensor e cabos de interligação; Troca do sensor e cabos de interligação.,1.0,10.0,10000.0,3.3222591362126246,Verde
Medium,Diagnostic,273--3,Engine #5,Turbocharger Outlet Pressure Sensor:Voltage Above Normal,1.0,ABB00232,Florianopolis,,,"Sensor defeituoso, cabo de interligação defeituoso.",Checagem do sensor e cabos de interligação; Troca do sensor e cabos de interligação.,1.0,10.0,10000.0,3.3222591362126246,Verde
Medium,Diagnostic,273--3,Engine,Turbocharger Outlet Pressure Sensor:Voltage Above Normal,1.0,ABC00546,Hendrix,,,"Sensor defeituoso, cabo de interligação defeituoso.",Checagem do sensor e cabos de interligação; Troca do sensor e cabos de interligação.,1.0,10.0,10000.0,3.3222591362126246,Verde
Medium,Diagnostic,273--3,Engine,Turbocharger Outlet Pressure Sensor:Voltage Above Normal,5.0,ABC00547,Hendrix,,,"Sensor defeituoso, cabo de interligação defeituoso.",Checagem do sensor e cabos de interligação; Troca do sensor e cabos de interligação.,1.0,10.0,10000.0,16.611295681063122,Verde
Low,Diagnostic,2738--3,Engine,Turbocharger #1 Compressor Inlet Pressure Sensor:Voltage Above Normal,1.0,ABC00547,Hendrix,,,"Sensor defeituoso, cabo de interligação defeituoso.",Checagem do sensor e cabos de interligação; Troca do sensor e cabos de interligação.,1.0,5.6234,999.9905737984717,0.33222278199284777,Verde
Low,Diagnostic,2738--3,Engine,Turbocharger #1 Compressor Inlet Pressure Sensor:Voltage Above Normal,1.0,ABC00574,Ilhas Maldivas,,,"Sensor defeituoso, cabo de interligação defeituoso.",Checagem do sensor e cabos de interligação; Troca do sensor e cabos de interligação.,1.0,5.6234,999.9905737984717,0.33222278199284777,Verde
Low,Diagnostic,2738--3,Engine,Turbocharger #1 Compressor Inlet Pressure Sensor:Voltage Above Normal,2.0,ABC00576,Ilhas Maldivas,,,"Sensor defeituoso, cabo de interligação defeituoso.",Checagem do sensor e cabos de interligação; Troca do sensor e cabos de interligação.,1.0,5.6234,999.9905737984717,0.6644455639856955,Verde
Low,Diagnostic,2739--3,Engine,Turbocharger #2 Compressor Inlet Pressure Sensor:Voltage Above Normal,1.0,ABC00547,Hendrix,,,"Sensor defeituoso, cabo de interligação defeituoso.",Checagem do sensor e cabos de interligação; Troca do sensor e cabos de interligação.,1.0,5.6234,999.9905737984717,0.33222278199284777,Verde
Low,Diagnostic,2739--3,Engine,Turbocharger #2 Compressor Inlet Pressure Sensor:Voltage Above Normal,1.0,ABC00574,Ilhas Maldivas,,,"Sensor defeituoso, cabo de interligação defeituoso.",Checagem do sensor e cabos de interligação; Troca do sensor e cabos de interligação.,1.0,5.6234,999.9905737984717,0.33222278199284777,Verde
Low,Diagnostic,2739--3,Engine,Turbocharger #2 Compressor Inlet Pressure Sensor:Voltage Above Normal,1.0,ABC00576,Ilhas Maldivas,,,"Sensor defeituoso, cabo de interligação defeituoso.",Checagem do sensor e cabos de interligação; Troca do sensor e cabos de interligação.,1.0,5.6234,999.9905737984717,0.33222278199284777,Verde
Medium,Diagnostic,274--3,Engine,Atmospheric Pressure Sensor:Voltage Above Normal,1.0,ABB00231,Martin Miller,,,"Sensor defeituoso, cabo de interligação defeituoso.",Checagem do sensor e cabos de interligação; Troca do sensor e cabos de interligação.,1.0,10.0,10000.0,3.3222591362126246,Verde
Medium,Diagnostic,274--3,Engine,Atmospheric Pressure Sensor:Voltage Above Normal,1.0,ABC00547,Hendrix,,,"Sensor defeituoso, cabo de interligação defeituoso.",Checagem do sensor e cabos de interligação; Troca do sensor e cabos de interligação.,1.0,10.0,10000.0,3.3222591362126246,Verde
Low,Diagnostic,275--3,Engine,Right Turbocharger Inlet Pressure Sensor:Voltage Above Normal,29.0,ABA00223,Lewis Hamilton,,,"Sensor defeituoso, cabo de interligação defeituoso.",Checagem do sensor e cabos de interligação; Troca do sensor e cabos de interligação.,1.0,5.6234,999.9905737984717,9.634460677792585,Verde
Low,Diagnostic,275--3,Engine,Right Turbocharger Inlet Pressure Sensor:Voltage Above Normal,1.0,ABA00243,Lewis Hamilton,,,"Sensor defeituoso, cabo de interligação defeituoso.",Checagem do sensor e cabos de interligação; Troca do sensor e cabos de interligação.,1.0,5.6234,999.9905737984717,0.33222278199284777,Verde
Low,Diagnostic,275--3,Engine,Right Turbocharger Inlet Pressure Sensor:Voltage Above Normal,1.0,ABB00231,Martin Miller,,,"Sensor defeituoso, cabo de interligação defeituoso.",Checagem do sensor e cabos de interligação; Troca do sensor e cabos de interligação.,1.0,5.6234,999.9905737984717,0.33222278199284777,Verde
Medium,Diagnostic,275--3,Engine #5,Right Turbocharger Inlet Pressure Sensor:Voltage Above Normal,1.0,ABB00232,Florianopolis,,,"Sensor defeituoso, cabo de interligação defeituoso.",Checagem do sensor e cabos de interligação; Troca do sensor e cabos de interligação.,1.0,10.0,10000.0,3.3222591362126246,Verde
Low,Diagnostic,275--4,Engine,Right Turbocharger Inlet Pressure Sensor:Voltage Below Normal,32.0,ABA00223,Lewis Hamilton,,,,,,5.6234,,,Verde
Low,Diagnostic,276--3,Engine,Left Turbocharger Inlet Pressure Sensor:Voltage Above Normal,1.0,ABA00223,Lewis Hamilton,,,"Sensor defeituoso, cabo de interligação defeituoso.",Checagem do sensor e cabos de interligação; Troca do sensor e cabos de interligação.,1.0,5.6234,999.9905737984717,0.33222278199284777,Verde
Low,Diagnostic,276--3,Engine,Left Turbocharger Inlet Pressure Sensor:Voltage Above Normal,1.0,ABA00243,Lewis Hamilton,,,"Sensor defeituoso, cabo de interligação defeituoso.",Checagem do sensor e cabos de interligação; Troca do sensor e cabos de interligação.,1.0,5.6234,999.9905737984717,0.33222278199284777,Verde
Low,Diagnostic,276--3,Engine,Left Turbocharger Inlet Pressure Sensor:Voltage Above Normal,1.0,ABB00231,Martin Miller,,,"Sensor defeituoso, cabo de interligação defeituoso.",Checagem do sensor e cabos de interligação; Troca do sensor e cabos de interligação.,1.0,5.6234,999.9905737984717,0.33222278199284777,Verde
Medium,Diagnostic,276--3,Engine #5,Left Turbocharger Inlet Pressure Sensor:Voltage Above Normal,1.0,ABB00232,Florianopolis,,,"Sensor defeituoso, cabo de interligação defeituoso.",Checagem do sensor e cabos de interligação; Troca do sensor e cabos de interligação.,1.0,10.0,10000.0,3.3222591362126246,Verde
Medium,Diagnostic,279--3,Engine #5,Aftercooler Coolant Temperature Sensor (Front):Voltage Above Normal,1.0,ABB00232,Florianopolis,,,"Sensor defeituoso, cabo de interligação defeituoso.",Checagem do sensor e cabos de interligação; Troca do sensor e cabos de interligação.,1.0,10.0,10000.0,3.3222591362126246,Verde
Low,Diagnostic,279--3,Engine,Aftercooler Coolant Temperature Sensor (Front):Voltage Above Normal,1.0,ABC00546,Hendrix,,,"Sensor defeituoso, cabo de interligação defeituoso.",Checagem do sensor e cabos de interligação; Troca do sensor e cabos de interligação.,1.0,5.6234,999.9905737984717,0.33222278199284777,Verde
Low,Diagnostic,279--3,Engine,Aftercooler Coolant Temperature Sensor (Front):Voltage Above Normal,1.0,ABC00547,Hendrix,,,"Sensor defeituoso, cabo de interligação defeituoso.",Checagem do sensor e cabos de interligação; Troca do sensor e cabos de interligação.,1.0,5.6234,999.9905737984717,0.33222278199284777,Verde
Low,Diagnostic,279--4,Engine,Aftercooler Coolant Temperature Sensor (Front):Voltage Below Normal,1.0,ABB00231,Martin Miller,,,,,,5.6234,,,Verde
Low,Diagnostic,289--2,Engine,"Fuel Pressure Sensor - Before Fuel Filter:Erratic, Intermittent, or Incorrect",10.0,ABA00247,Lewis Hamilton,,,"Sensor defeituoso, cabo de interligação defeituoso.",Checagem do sensor e cabos de interligação; Troca do sensor e cabos de interligação.,1.0,5.6234,999.9905737984717,3.322227819928477,Verde
Low,Diagnostic,289--2,Engine,"Fuel Pressure Sensor - Before Fuel Filter:Erratic, Intermittent, or Incorrect",2.0,ABC00574,Ilhas Maldivas,,,"Sensor defeituoso, cabo de interligação defeituoso.",Checagem do sensor e cabos de interligação; Troca do sensor e cabos de interligação.,1.0,5.6234,999.9905737984717,0.6644455639856955,Verde
Low,Diagnostic,289--2,Engine,"Fuel Pressure Sensor - Before Fuel Filter:Erratic, Intermittent, or Incorrect",1.0,ABC00575,Ilhas Maldivas,,,"Sensor defeituoso, cabo de interligação defeituoso.",Checagem do sensor e cabos de interligação; Troca do sensor e cabos de interligação.,1.0,5.6234,999.9905737984717,0.33222278199284777,Verde
Low,Diagnostic,289--2,Engine,"Fuel Pressure Sensor - Before Fuel Filter:Erratic, Intermittent, or Incorrect",1.0,ABC00576,Ilhas Maldivas,,,"Sensor defeituoso, cabo de interligação defeituoso.",Checagem do sensor e cabos de interligação; Troca do sensor e cabos de interligação.,1.0,5.6234,999.9905737984717,0.33222278199284777,Verde
Low,Diagnostic,289--3,Engine,Fuel Pressure Sensor - Before Fuel Filter:Voltage Above Normal,1.0,ABA00133,Lewis Hamilton,,,"Sensor defeituoso, chicote defeituoso, sensor desconectado.",Checagem do sensor e cabos de interligação; Troca do sensor e cabos de interligação.,1.0,5.6234,999.9905737984717,0.33222278199284777,Verde
Low,Diagnostic,289--3,Engine,Fuel Pressure Sensor - Before Fuel Filter:Voltage Above Normal,1.0,ABA00247,Lewis Hamilton,,,"Sensor defeituoso, chicote defeituoso, sensor desconectado.",Checagem do sensor e cabos de interligação; Troca do sensor e cabos de interligação.,1.0,5.6234,999.9905737984717,0.33222278199284777,Verde
Medium,Diagnostic,289--3,Engine #3,Fuel Pressure Sensor - Before Fuel Filter:Voltage Above Normal,1.0,ABB00230,Marica,,,"Sensor defeituoso, chicote defeituoso, sensor desconectado.",Checagem do sensor e cabos de interligação; Troca do sensor e cabos de interligação.,1.0,10.0,10000.0,3.3222591362126246,Verde
Medium,Diagnostic,289--3,Engine #5,Fuel Pressure Sensor - Before Fuel Filter:Voltage Above Normal,1.0,ABB00232,Florianopolis,,,"Sensor defeituoso, chicote defeituoso, sensor desconectado.",Checagem do sensor e cabos de interligação; Troca do sensor e cabos de interligação.,1.0,10.0,10000.0,3.3222591362126246,Verde
Low,Diagnostic,289--3,Engine,Fuel Pressure Sensor - Before Fuel Filter:Voltage Above Normal,1.0,ABC00547,Hendrix,,,"Sensor defeituoso, chicote defeituoso, sensor desconectado.",Checagem do sensor e cabos de interligação; Troca do sensor e cabos de interligação.,1.0,5.6234,999.9905737984717,0.33222278199284777,Verde
Medium,Diagnostic,3--5,Engine #3,Cylinder #3 Injector:Current Below Normal,6.0,ABB00230,Marica,,,,,,10.0,,,Verde
Low,Diagnostic,336--2,Engine,"Engine Control Switch:Erratic, Intermittent, or Incorrect",12.0,ABA00247,Lewis Hamilton,,,As duas entradas do ECS ,O Módulo de Controle Eletrônico ,1.0,5.6234,999.9905737984717,3.9866733839141726,Verde
Medium,Diagnostic,336--2,Engine #3,"Engine Control Switch:Erratic, Intermittent, or Incorrect",1.0,ABB00230,Marica,,,As duas entradas do ECS ,O Módulo de Controle Eletrônico ,1.0,10.0,10000.0,3.3222591362126246,Verde
Low,Diagnostic,336--2,Engine,"Engine Control Switch:Erratic, Intermittent, or Incorrect",10.0,ABC00548,Hendrix,,,As duas entradas do ECS ,O Módulo de Controle Eletrônico ,1.0,5.6234,999.9905737984717,3.322227819928477,Verde
Low,Diagnostic,336--2,Engine,"Engine Control Switch:Erratic, Intermittent, or Incorrect",1.0,ABC00576,Ilhas Maldivas,,,As duas entradas do ECS ,O Módulo de Controle Eletrônico ,1.0,5.6234,999.9905737984717,0.33222278199284777,Verde
Medium,Diagnostic,337--2,Engine #5,"Remote Emergency Stop Switch:Erratic, Intermittent, or Incorrect",1.0,ABB00231,Martin Miller,,,"O ECM do motor recebe dois sinais de entrada a partir do mesmo interruptor de parada de emergência. Esses sinais permitem o ECM determinar o status do interruptor de parada de emergência. O ECM irá desligar o motor se ambos os sinais estiverem ""em aberto"". Se durante a partida do motor, forem detectados dois sinais diferentes oriundo do interruptor, o ECM entenderá que um dos sinais está incorreto e o motor irá partir normalmente. E o alerta será emitido.",Verificar o correto funcionamento das botoeiras de parada.,1.0,10.0,10000.0,3.3222591362126246,Verde
Medium,Diagnostic,342--8,Engine #3,"Secondary Engine Speed Sensor:Abnormal Frequency, Pulse Width, or Period",1.0,ABB00230,Marica,,,Quando a velocidade do motor é maior que zero rpm e o padrão do anel de temporização está incorreto por cinco segundos.,"Estabelecer comunicação com o ECM principal. Se a comunicação com o ECM primário não puder ser estabelecida, verifique se a te nsão está presente no ECM principal. Verifique se o fio que transporta o sinal de pulso do ECM principal para o ECM secundário não tem uma abertura ou se o fio não está em curto.",1.0,10.0,10000.0,3.3222591362126246,Verde
Medium,Diagnostic,342--8,Engine #5,"Secondary Engine Speed Sensor:Abnormal Frequency, Pulse Width, or Period",1.0,ABB00232,Florianopolis,,,Quando a velocidade do motor é maior que zero rpm e o padrão do anel de temporização está incorreto por cinco segundos.,"Estabelecer comunicação com o ECM principal. Se a comunicação com o ECM primário não puder ser estabelecida, verifique se a te nsão está presente no ECM principal. Verifique se o fio que transporta o sinal de pulso do ECM principal para o ECM secundário não tem uma abertura ou se o fio não está em curto.",1.0,10.0,10000.0,3.3222591362126246,Verde
High,Event (J1939),3671--0,Not Available,Crank Attempt Count on Present Start Attempt:High - most severe (3),1.0,ABB00233,Marica,,,"A quantidade tentativas de partida durante a ignição atual foram excedidas. Este limite é configurado ECM, definido por classificadora.",A quantidade tentativas de partida durante a ignição atual foram excedidas.,1.0,17.7828,100000.13270386367,33.2226354497886,Verde
Medium,Diagnostic,444--6,Engine #3,Starter Motor Relay:Current Above Normal,2.0,ABB00230,Marica,,,Curto circuito no relê de do motor de arranque.,"Verificar cabos e conectores, Checar operação e tensão.",1.0,10.0,10000.0,6.644518272425249,Verde
Low,Event (J1939),52--3,Not Available,Engine Intercooler Temperature:Voltage Above Normal,1.0,ABB00233,Marica,,,"Sensor defeituoso, cabo de interligação defeituoso ou desconectado.",Checagem do sensor e cabos de interligação; Troca do sensor e cabos de interligação.,1.0,5.6234,999.9905737984717,0.33222278199284777,Verde
Low,Diagnostic,542--2,Engine,"Engine Oil Pressure Sensor - Before Oil Filter:Erratic, Intermittent, or Incorrect",8.0,ABA00223,Lewis Hamilton,,,"Sensor defeituoso, cabo de interligação defeituoso.",Checagem do sensor e cabos de interligação; Troca do sensor e cabos de interligação.,1.0,5.6234,999.9905737984717,2.657782255942782,Verde
Low,Diagnostic,542--2,Engine,"Engine Oil Pressure Sensor - Before Oil Filter:Erratic, Intermittent, or Incorrect",2.0,ABA00243,Lewis Hamilton,,,"Sensor defeituoso, cabo de interligação defeituoso.",Checagem do sensor e cabos de interligação; Troca do sensor e cabos de interligação.,1.0,5.6234,999.9905737984717,0.6644455639856955,Verde
Low,Diagnostic,542--2,Engine,"Engine Oil Pressure Sensor - Before Oil Filter:Erratic, Intermittent, or Incorrect",2.0,ABA00247,Lewis Hamilton,,,"Sensor defeituoso, cabo de interligação defeituoso.",Checagem do sensor e cabos de interligação; Troca do sensor e cabos de interligação.,1.0,5.6234,999.9905737984717,0.6644455639856955,Verde
Low,Diagnostic,542--2,Engine,"Engine Oil Pressure Sensor - Before Oil Filter:Erratic, Intermittent, or Incorrect",3.0,ABC00546,Hendrix,,,"Sensor defeituoso, cabo de interligação defeituoso.",Checagem do sensor e cabos de interligação; Troca do sensor e cabos de interligação.,1.0,5.6234,999.9905737984717,0.9966683459785431,Verde
Low,Diagnostic,542--2,Engine,"Engine Oil Pressure Sensor - Before Oil Filter:Erratic, Intermittent, or Incorrect",4.0,ABC00547,Hendrix,,,"Sensor defeituoso, cabo de interligação defeituoso.",Checagem do sensor e cabos de interligação; Troca do sensor e cabos de interligação.,1.0,5.6234,999.9905737984717,1.328891127971391,Verde
Low,Diagnostic,542--2,Engine,"Engine Oil Pressure Sensor - Before Oil Filter:Erratic, Intermittent, or Incorrect",3.0,ABC00548,Hendrix,,,"Sensor defeituoso, cabo de interligação defeituoso.",Checagem do sensor e cabos de interligação; Troca do sensor e cabos de interligação.,1.0,5.6234,999.9905737984717,0.9966683459785431,Verde
Medium,Diagnostic,542--3,Engine #3,Engine Oil Pressure Sensor - Before Oil Filter:Voltage Above Normal,1.0,ABB00230,Marica,,,"Sensor defeituoso, cabo de interligação defeituoso.",Checagem do sensor e cabos de interligação; Troca do sensor e cabos de interligação.,1.0,10.0,10000.0,3.3222591362126246,Verde
Low,Diagnostic,542--3,Engine,Engine Oil Pressure Sensor - Before Oil Filter:Voltage Above Normal,1.0,ABB00231,Martin Miller,,,"Sensor defeituoso, cabo de interligação defeituoso.",Checagem do sensor e cabos de interligação; Troca do sensor e cabos de interligação.,1.0,5.6234,999.9905737984717,0.33222278199284777,Verde
Medium,Diagnostic,542--3,Engine #5,Engine Oil Pressure Sensor - Before Oil Filter:Voltage Above Normal,1.0,ABB00232,Florianopolis,,,"Sensor defeituoso, cabo de interligação defeituoso.",Checagem do sensor e cabos de interligação; Troca do sensor e cabos de interligação.,1.0,10.0,10000.0,3.3222591362126246,Verde
Medium,Diagnostic,542--3,Engine #3,Engine Oil Pressure Sensor - Before Oil Filter:Voltage Above Normal,1.0,ABB00234,Martin Miller,,,"Sensor defeituoso, cabo de interligação defeituoso.",Checagem do sensor e cabos de interligação; Troca do sensor e cabos de interligação.,1.0,10.0,10000.0,3.3222591362126246,Verde
Low,Diagnostic,542--3,Engine,Engine Oil Pressure Sensor - Before Oil Filter:Voltage Above Normal,1.0,ABC00547,Hendrix,,,"Sensor defeituoso, cabo de interligação defeituoso.",Checagem do sensor e cabos de interligação; Troca do sensor e cabos de interligação.,1.0,5.6234,999.9905737984717,0.33222278199284777,Verde
Low,Diagnostic,542--4,Engine,Engine Oil Pressure Sensor - Before Oil Filter:Voltage Below Normal,4.0,ABA00223,Lewis Hamilton,,,,,,5.6234,,,Verde
Low,Diagnostic,542--4,Engine,Engine Oil Pressure Sensor - Before Oil Filter:Voltage Below Normal,2.0,ABA00243,Lewis Hamilton,,,,,,5.6234,,,Verde
Medium,Diagnostic,590--9,Communication Gateway #1,Engine Control Module:Abnormal Update Rate,25.0,ABA00133,Lewis Hamilton,,,Falha de comunicação do ECM principal com outros dispositivos do motor. Módulo de controle do motor ,Verificação do Módulo de controle do motor e verificação dos chicotes e conectores que interligam os sensores do motor com o ECM.,0.0,10.0,0.0,0.0,Verde
Medium,Diagnostic,590--9,Communication Gateway #1,Engine Control Module:Abnormal Update Rate,1.0,ABA00223,Lewis Hamilton,,,Falha de comunicação do ECM principal com outros dispositivos do motor. Módulo de controle do motor ,Verificação do Módulo de controle do motor e verificação dos chicotes e conectores que interligam os sensores do motor com o ECM.,0.0,10.0,0.0,0.0,Verde
Medium,Diagnostic,590--9,Communication Gateway #1,Engine Control Module:Abnormal Update Rate,9.0,ABA00247,Lewis Hamilton,,,Falha de comunicação do ECM principal com outros dispositivos do motor. Módulo de controle do motor ,Verificação do Módulo de controle do motor e verificação dos chicotes e conectores que interligam os sensores do motor com o ECM.,0.0,10.0,0.0,0.0,Verde
Medium,Diagnostic,590--9,Communication Gateway #1,Engine Control Module:Abnormal Update Rate,25.0,ABB00230,Marica,,,Falha de comunicação do ECM principal com outros dispositivos do motor. Módulo de controle do motor ,Verificação do Módulo de controle do motor e verificação dos chicotes e conectores que interligam os sensores do motor com o ECM.,0.0,10.0,0.0,0.0,Verde
Medium,Diagnostic,590--9,Communication Gateway #1,Engine Control Module:Abnormal Update Rate,74.0,ABB00231,Martin Miller,,,Falha de comunicação do ECM principal com outros dispositivos do motor. Módulo de controle do motor ,Verificação do Módulo de controle do motor e verificação dos chicotes e conectores que interligam os sensores do motor com o ECM.,0.0,10.0,0.0,0.0,Verde
Medium,Diagnostic,590--9,Communication Gateway #1,Engine Control Module:Abnormal Update Rate,86.0,ABB00232,Florianopolis,,,Falha de comunicação do ECM principal com outros dispositivos do motor. Módulo de controle do motor ,Verificação do Módulo de controle do motor e verificação dos chicotes e conectores que interligam os sensores do motor com o ECM.,0.0,10.0,0.0,0.0,Verde
Medium,Diagnostic,590--9,Communication Gateway #1,Engine Control Module:Abnormal Update Rate,28.0,ABB00233,Marica,,,Falha de comunicação do ECM principal com outros dispositivos do motor. Módulo de controle do motor ,Verificação do Módulo de controle do motor e verificação dos chicotes e conectores que interligam os sensores do motor com o ECM.,0.0,10.0,0.0,0.0,Verde
Medium,Diagnostic,590--9,Communication Gateway #1,Engine Control Module:Abnormal Update Rate,46.0,ABB00234,Martin Miller,,,Falha de comunicação do ECM principal com outros dispositivos do motor. Módulo de controle do motor ,Verificação do Módulo de controle do motor e verificação dos chicotes e conectores que interligam os sensores do motor com o ECM.,0.0,10.0,0.0,0.0,Verde
Medium,Diagnostic,590--9,Communication Gateway #1,Engine Control Module:Abnormal Update Rate,100.0,ABB00235,Florianopolis,,,Falha de comunicação do ECM principal com outros dispositivos do motor. Módulo de controle do motor ,Verificação do Módulo de controle do motor e verificação dos chicotes e conectores que interligam os sensores do motor com o ECM.,0.0,10.0,0.0,0.0,Verde
Medium,Diagnostic,590--9,Communication Gateway #1,Engine Control Module:Abnormal Update Rate,75.0,ABB00239,SS Moretti,,,Falha de comunicação do ECM principal com outros dispositivos do motor. Módulo de controle do motor ,Verificação do Módulo de controle do motor e verificação dos chicotes e conectores que interligam os sensores do motor com o ECM.,0.0,10.0,0.0,0.0,Verde
Medium,Diagnostic,590--9,Communication Gateway #1,Engine Control Module:Abnormal Update Rate,52.0,ABB00240,SS Moretti,,,Falha de comunicação do ECM principal com outros dispositivos do motor. Módulo de controle do motor ,Verificação do Módulo de controle do motor e verificação dos chicotes e conectores que interligam os sensores do motor com o ECM.,0.0,10.0,0.0,0.0,Verde
Medium,Diagnostic,590--9,Communication Gateway #1,Engine Control Module:Abnormal Update Rate,5.0,ABC00546,Hendrix,,,Falha de comunicação do ECM principal com outros dispositivos do motor. Módulo de controle do motor ,Verificação do Módulo de controle do motor e verificação dos chicotes e conectores que interligam os sensores do motor com o ECM.,0.0,10.0,0.0,0.0,Verde
Medium,Diagnostic,590--9,Communication Gateway #1,Engine Control Module:Abnormal Update Rate,7.0,ABC00547,Hendrix,,,Falha de comunicação do ECM principal com outros dispositivos do motor. Módulo de controle do motor ,Verificação do Módulo de controle do motor e verificação dos chicotes e conectores que interligam os sensores do motor com o ECM.,0.0,10.0,0.0,0.0,Verde
Medium,Diagnostic,590--9,Communication Gateway #1,Engine Control Module:Abnormal Update Rate,6.0,ABC00548,Hendrix,,,Falha de comunicação do ECM principal com outros dispositivos do motor. Módulo de controle do motor ,Verificação do Módulo de controle do motor e verificação dos chicotes e conectores que interligam os sensores do motor com o ECM.,0.0,10.0,0.0,0.0,Verde
Medium,Diagnostic,590--9,Communication Gateway #1,Engine Control Module:Abnormal Update Rate,16.0,ABC00574,Ilhas Maldivas,,,Falha de comunicação do ECM principal com outros dispositivos do motor. Módulo de controle do motor ,Verificação do Módulo de controle do motor e verificação dos chicotes e conectores que interligam os sensores do motor com o ECM.,0.0,10.0,0.0,0.0,Verde
Medium,Diagnostic,590--9,Communication Gateway #1,Engine Control Module:Abnormal Update Rate,13.0,ABC00575,Ilhas Maldivas,,,Falha de comunicação do ECM principal com outros dispositivos do motor. Módulo de controle do motor ,Verificação do Módulo de controle do motor e verificação dos chicotes e conectores que interligam os sensores do motor com o ECM.,0.0,10.0,0.0,0.0,Verde
Medium,Diagnostic,590--9,Communication Gateway #1,Engine Control Module:Abnormal Update Rate,4.0,ABC00576,Ilhas Maldivas,,,Falha de comunicação do ECM principal com outros dispositivos do motor. Módulo de controle do motor ,Verificação do Módulo de controle do motor e verificação dos chicotes e conectores que interligam os sensores do motor com o ECM.,0.0,10.0,0.0,0.0,Verde
Medium,Diagnostic,6--5,Engine,Cylinder #6 Injector:Current Below Normal,1.0,ABC00576,Ilhas Maldivas,,,,,,10.0,,,Verde
Medium,Diagnostic,6--6,Engine,Cylinder #6 Injector:Current Above Normal,1.0,ABC00576,Ilhas Maldivas,,,,,,10.0,,,Verde
Low,Event (J1939),620--4,Communication Gateway #1,5 Volts DC Supply:Voltage Below Normal,1.0,ABB00233,Marica,,,,,,5.6234,,,Verde
Low,Event (J1939),620--4,Not Available,5 Volts DC Supply:Voltage Below Normal,4.0,ABB00233,Marica,,,,,,5.6234,,,Verde
Medium,Diagnostic,7--5,Engine #3,Cylinder #7 Injector:Current Below Normal,44.0,ABB00230,Marica,,,,,,10.0,,,Verde
Medium,Diagnostic,7--5,Engine,Cylinder #7 Injector:Current Below Normal,1.0,ABC00576,Ilhas Maldivas,,,,,,10.0,,,Verde
Medium,Diagnostic,8--6,Engine,Cylinder #8 Injector:Current Above Normal,1.0,ABC00576,Ilhas Maldivas,,,,,,10.0,,,Verde
Low,Diagnostic,827--8,Engine,"Left Exhaust Temperature Sensor:Abnormal Frequency, Pulse Width, or Period",1.0,ABB00231,Martin Miller,,,Instabilidade no Sensor de temperatura de exaustão - Bancada da Esquerda.,Monitorar o sinal de temperatura de exaustão recebido pelo ECM do motor através do CAT ET.,1.0,5.6234,999.9905737984717,0.33222278199284777,Verde
Low,Diagnostic,827--8,Engine,"Left Exhaust Temperature Sensor:Abnormal Frequency, Pulse Width, or Period",1.0,ABC00548,Hendrix,,,Instabilidade no Sensor de temperatura de exaustão - Bancada da Esquerda.,Monitorar o sinal de temperatura de exaustão recebido pelo ECM do motor através do CAT ET.,1.0,5.6234,999.9905737984717,0.33222278199284777,Verde
Low,Diagnostic,827--8,Engine,"Left Exhaust Temperature Sensor:Abnormal Frequency, Pulse Width, or Period",8.0,ABC00574,Ilhas Maldivas,,,Instabilidade no Sensor de temperatura de exaustão - Bancada da Esquerda.,Monitorar o sinal de temperatura de exaustão recebido pelo ECM do motor através do CAT ET.,1.0,5.6234,999.9905737984717,2.657782255942782,Verde
Low,Diagnostic,828--8,Engine,"Right Exhaust Temperature Sensor:Abnormal Frequency, Pulse Width, or Period",1.0,ABB00231,Martin Miller,,,Instabilidade no Sensor de temperatura de exaustão - Bancada da direita.,Monitorar o sinal de temperatura de exaustão recebido pelo ECM do motor através do CAT ET.,1.0,5.6234,999.9905737984717,0.33222278199284777,Verde
Low,Diagnostic,828--8,Engine,"Right Exhaust Temperature Sensor:Abnormal Frequency, Pulse Width, or Period",8.0,ABC00574,Ilhas Maldivas,,,Instabilidade no Sensor de temperatura de exaustão - Bancada da direita.,Monitorar o sinal de temperatura de exaustão recebido pelo ECM do motor através do CAT ET.,1.0,5.6234,999.9905737984717,2.657782255942782,Verde
Medium,Diagnostic,9--5,Engine,Cylinder #9 Injector:Current Below Normal,1.0,ABC00576,Ilhas Maldivas,,,,,,10.0,,,Verde
Medium,Diagnostic,91--13,Engine #3,Throttle Position Sensor:Out of Calibration,1.0,ABB00230,Marica,,,Falta de calibração sensor de posição do acelerador.,A calibração do sensor de posição do acelerador requer o uso do Cat ET.,1.0,10.0,10000.0,3.3222591362126246,Verde
Medium,Diagnostic,91--13,Engine #5,Throttle Position Sensor:Out of Calibration,1.0,ABB00231,Martin Miller,,,Falta de calibração sensor de posição do acelerador.,A calibração do sensor de posição do acelerador requer o uso do Cat ET.,1.0,10.0,10000.0,3.3222591362126246,Verde
Medium,Diagnostic,91--13,Engine #5,Throttle Position Sensor:Out of Calibration,1.0,ABB00232,Florianopolis,,,Falta de calibração sensor de posição do acelerador.,A calibração do sensor de posição do acelerador requer o uso do Cat ET.,1.0,10.0,10000.0,3.3222591362126246,Verde
Low,Event (J1939),91--13,Not Available,Accelerator Pedal Position #1:Out of Calibration,7.0,ABB00233,Marica,,,Falta de calibração sensor de posição do acelerador.,A calibração do sensor de posição do acelerador requer o uso do Cat ET.,1.0,5.6234,999.9905737984717,2.325559473949934,Verde
Medium,Diagnostic,91--8,Engine #3,"Throttle Position Sensor:Abnormal Frequency, Pulse Width, or Period",2.0,ABB00230,Marica,,,Instabilidade no sinal de posição do acelerador.,Monitorar o sinal de posição do acelerador recebido pelo ECM do motor através do CAT ET. Verificar a estabilidade do sinal quando o acelerador está parado e sua calibração,1.0,10.0,10000.0,6.644518272425249,Verde
Medium,Diagnostic,91--8,Engine,"Throttle Position Sensor:Abnormal Frequency, Pulse Width, or Period",1.0,ABB00231,Martin Miller,,,Instabilidade no sinal de posição do acelerador.,Monitorar o sinal de posição do acelerador recebido pelo ECM do motor através do CAT ET. Verificar a estabilidade do sinal quando o acelerador está parado e sua calibração,1.0,10.0,10000.0,3.3222591362126246,Verde
Medium,Diagnostic,91--8,Engine #5,"Throttle Position Sensor:Abnormal Frequency, Pulse Width, or Period",1.0,ABB00231,Martin Miller,,,Instabilidade no sinal de posição do acelerador.,Monitorar o sinal de posição do acelerador recebido pelo ECM do motor através do CAT ET. Verificar a estabilidade do sinal quando o acelerador está parado e sua calibração,1.0,10.0,10000.0,3.3222591362126246,Verde
Medium,Diagnostic,91--8,Engine #5,"Throttle Position Sensor:Abnormal Frequency, Pulse Width, or Period",1.0,ABB00232,Florianopolis,,,Instabilidade no sinal de posição do acelerador.,Monitorar o sinal de posição do acelerador recebido pelo ECM do motor através do CAT ET. Verificar a estabilidade do sinal quando o acelerador está parado e sua calibração,1.0,10.0,10000.0,3.3222591362126246,Verde
Medium,Diagnostic,91--8,Engine,"Throttle Position Sensor:Abnormal Frequency, Pulse Width, or Period",1.0,ABC00546,Hendrix,,,Instabilidade no sinal de posição do acelerador.,Monitorar o sinal de posição do acelerador recebido pelo ECM do motor através do CAT ET. Verificar a estabilidade do sinal quando o acelerador está parado e sua calibração,1.0,10.0,10000.0,3.3222591362126246,Verde
Medium,Diagnostic,91--8,Engine,"Throttle Position Sensor:Abnormal Frequency, Pulse Width, or Period",1.0,ABC00547,Hendrix,,,Instabilidade no sinal de posição do acelerador.,Monitorar o sinal de posição do acelerador recebido pelo ECM do motor através do CAT ET. Verificar a estabilidade do sinal quando o acelerador está parado e sua calibração,1.0,10.0,10000.0,3.3222591362126246,Verde
Medium,Diagnostic,91--8,Engine,"Throttle Position Sensor:Abnormal Frequency, Pulse Width, or Period",2.0,ABC00548,Hendrix,,,Instabilidade no sinal de posição do acelerador.,Monitorar o sinal de posição do acelerador recebido pelo ECM do motor através do CAT ET. Verificar a estabilidade do sinal quando o acelerador está parado e sua calibração,1.0,10.0,10000.0,6.644518272425249,Verde
Medium,Diagnostic,91--8,Engine,"Throttle Position Sensor:Abnormal Frequency, Pulse Width, or Period",2.0,ABC00574,Ilhas Maldivas,,,Instabilidade no sinal de posição do acelerador.,Monitorar o sinal de posição do acelerador recebido pelo ECM do motor através do CAT ET. Verificar a estabilidade do sinal quando o acelerador está parado e sua calibração,1.0,10.0,10000.0,6.644518272425249,Verde
Medium,Diagnostic,91--8,Engine,"Throttle Position Sensor:Abnormal Frequency, Pulse Width, or Period",3.0,ABC00576,Ilhas Maldivas,,,Instabilidade no sinal de posição do acelerador.,Monitorar o sinal de posição do acelerador recebido pelo ECM do motor através do CAT ET. Verificar a estabilidade do sinal quando o acelerador está parado e sua calibração,1.0,10.0,10000.0,9.966777408637874,Verde
Low,Diagnostic,94--2,Engine,"Fuel Delivery Pressure Sensor:Erratic, Intermittent, or Incorrect",10.0,ABA00247,Lewis Hamilton,,,"Sensor defeituoso, cabo de interligação defeituoso.",Checagem do sensor e cabos de interligação; Troca do sensor e cabos de interligação.,1.0,5.6234,999.9905737984717,3.322227819928477,Verde
Low,Diagnostic,94--2,Engine,"Fuel Delivery Pressure Sensor:Erratic, Intermittent, or Incorrect",2.0,ABC00574,Ilhas Maldivas,,,"Sensor defeituoso, cabo de interligação defeituoso.",Checagem do sensor e cabos de interligação; Troca do sensor e cabos de interligação.,1.0,5.6234,999.9905737984717,0.6644455639856955,Verde
Low,Diagnostic,94--2,Engine,"Fuel Delivery Pressure Sensor:Erratic, Intermittent, or Incorrect",1.0,ABC00575,Ilhas Maldivas,,,"Sensor defeituoso, cabo de interligação defeituoso.",Checagem do sensor e cabos de interligação; Troca do sensor e cabos de interligação.,1.0,5.6234,999.9905737984717,0.33222278199284777,Verde
Low,Diagnostic,94--2,Engine,"Fuel Delivery Pressure Sensor:Erratic, Intermittent, or Incorrect",1.0,ABC00576,Ilhas Maldivas,,,"Sensor defeituoso, cabo de interligação defeituoso.",Checagem do sensor e cabos de interligação; Troca do sensor e cabos de interligação.,1.0,5.6234,999.9905737984717,0.33222278199284777,Verde
Medium,Diagnostic,94--3,Engine #3,Fuel Delivery Pressure Sensor:Voltage Above Normal,1.0,ABB00230,Marica,,,"Sensor defeituoso, cabo de interligação defeituoso.",Checagem do sensor e cabos de interligação; Troca do sensor e cabos de interligação.,1.0,10.0,10000.0,3.3222591362126246,Verde
Low,Diagnostic,94--3,Engine,Fuel Delivery Pressure Sensor:Voltage Above Normal,1.0,ABB00231,Martin Miller,,,"Sensor defeituoso, cabo de interligação defeituoso.",Checagem do sensor e cabos de interligação; Troca do sensor e cabos de interligação.,1.0,5.6234,999.9905737984717,0.33222278199284777,Verde
Low,Event (J1939),94--3,Not Available,Engine Fuel Delivery Pressure:Voltage Above Normal,1.0,ABB00233,Marica,,,"Sensor defeituoso, cabo de interligação defeituoso.",Checagem do sensor e cabos de interligação; Troca do sensor e cabos de interligação.,1.0,5.6234,999.9905737984717,0.33222278199284777,Verde
Low,Diagnostic,94--3,Engine,Fuel Delivery Pressure Sensor:Voltage Above Normal,1.0,ABC00547,Hendrix,,,"Sensor defeituoso, cabo de interligação defeituoso.",Checagem do sensor e cabos de interligação; Troca do sensor e cabos de interligação.,1.0,5.6234,999.9905737984717,0.33222278199284777,Verde
Low,Event (J1939),95--15,Not Available,Engine Fuel Filter Differential Pressure:High - least severe (1),5.0,ABB00233,Marica,,,Aumento do diferencial de pressão no filtro de combustível; Necessidade de troca do filtro de combustível; Instalação incorreta dos sensores de pressão de entrada/saída de combustível.,Checagem do posicionamento de instalação dos sensores de pressão; Troca dos filtros de combustível.,1.0,5.6234,999.9905737984717,1.6611139099642385,Verde
Low,Event,E100,Engine,Low Engine Oil Pressure Warning,8.0,ABA00133,Lewis Hamilton,E,E100,"Baixo nível de óleo lubrificante, óleo lubrificante contaminado, viscosidade incorreta, sensores de pressão de óleo defeituosos, circulação imprópria do óleo lubrificante, componentes desgastados. Essa falha, caso não tratada, pode gerar consequências catastróficas nos motores.","Checar o nível de óleo,qualidade e viscosidade, verificar se o filtro de óleo está obstruido",1.0,5.6234,999.9905737984717,2.657782255942782,Verde
Low,Event,E100,Engine,Low Engine Oil Pressure Warning,3.0,ABC00546,Hendrix,E,E100,"Baixo nível de óleo lubrificante, óleo lubrificante contaminado, viscosidade incorreta, sensores de pressão de óleo defeituosos, circulação imprópria do óleo lubrificante, componentes desgastados. Essa falha, caso não tratada, pode gerar consequências catastróficas nos motores.","Checar o nível de óleo,qualidade e viscosidade, verificar se o filtro de óleo está obstruido",1.0,5.6234,999.9905737984717,0.9966683459785431,Verde
Low,Event,E100,Engine,Low Engine Oil Pressure Warning,7.0,ABC00547,Hendrix,E,E100,"Baixo nível de óleo lubrificante, óleo lubrificante contaminado, viscosidade incorreta, sensores de pressão de óleo defeituosos, circulação imprópria do óleo lubrificante, componentes desgastados. Essa falha, caso não tratada, pode gerar consequências catastróficas nos motores.","Checar o nível de óleo,qualidade e viscosidade, verificar se o filtro de óleo está obstruido",1.0,5.6234,999.9905737984717,2.325559473949934,Verde
Low,Event,E100,Engine,Low Engine Oil Pressure Warning,13.0,ABC00548,Hendrix,E,E100,"Baixo nível de óleo lubrificante, óleo lubrificante contaminado, viscosidade incorreta, sensores de pressão de óleo defeituosos, circulação imprópria do óleo lubrificante, componentes desgastados. Essa falha, caso não tratada, pode gerar consequências catastróficas nos motores.","Checar o nível de óleo,qualidade e viscosidade, verificar se o filtro de óleo está obstruido",1.0,5.6234,999.9905737984717,4.31889616590702,Verde
Low,Event,E100,Engine,Low Engine Oil Pressure Warning,2.0,ABC00574,Ilhas Maldivas,E,E100,"Baixo nível de óleo lubrificante, óleo lubrificante contaminado, viscosidade incorreta, sensores de pressão de óleo defeituosos, circulação imprópria do óleo lubrificante, componentes desgastados. Essa falha, caso não tratada, pode gerar consequências catastróficas nos motores.","Checar o nível de óleo,qualidade e viscosidade, verificar se o filtro de óleo está obstruido",1.0,5.6234,999.9905737984717,0.6644455639856955,Verde
Low,Event,E100,Engine,Low Engine Oil Pressure Warning,5.0,ABC00575,Ilhas Maldivas,E,E100,"Baixo nível de óleo lubrificante, óleo lubrificante contaminado, viscosidade incorreta, sensores de pressão de óleo defeituosos, circulação imprópria do óleo lubrificante, componentes desgastados. Essa falha, caso não tratada, pode gerar consequências catastróficas nos motores.","Checar o nível de óleo,qualidade e viscosidade, verificar se o filtro de óleo está obstruido",1.0,5.6234,999.9905737984717,1.6611139099642385,Verde
Low,Event,E100,Engine,Low Engine Oil Pressure Warning,2.0,ABC00576,Ilhas Maldivas,E,E100,"Baixo nível de óleo lubrificante, óleo lubrificante contaminado, viscosidade incorreta, sensores de pressão de óleo defeituosos, circulação imprópria do óleo lubrificante, componentes desgastados. Essa falha, caso não tratada, pode gerar consequências catastróficas nos motores.","Checar o nível de óleo,qualidade e viscosidade, verificar se o filtro de óleo está obstruido",1.0,5.6234,999.9905737984717,0.6644455639856955,Verde
Low,Event,E101,Engine,High Crankcase Pressure Warning,1.0,ABA00133,Lewis Hamilton,E,E101,Respiro do cárter bloqueado/coagulado. Desgaste excessivo dos componentes do motor.,"Checagem do blowby, guias de válvulas, selos do turbocompressor, respiro do motor/separador de óleo. O incorreto funcionamento do respiro do motor também pode causar vazamentos nos retentores do eixo virabrequim, pela elevada pressão no cárter.",1.0,5.6234,999.9905737984717,0.33222278199284777,Verde
Low,Event,E101,Engine,High Crankcase Pressure Warning,2.0,ABA00223,Lewis Hamilton,E,E101,Respiro do cárter bloqueado/coagulado. Desgaste excessivo dos componentes do motor.,"Checagem do blowby, guias de válvulas, selos do turbocompressor, respiro do motor/separador de óleo. O incorreto funcionamento do respiro do motor também pode causar vazamentos nos retentores do eixo virabrequim, pela elevada pressão no cárter.",1.0,5.6234,999.9905737984717,0.6644455639856955,Verde
Low,Event,E101,Engine,High Crankcase Pressure Warning,3.0,ABC00548,Hendrix,E,E101,Respiro do cárter bloqueado/coagulado. Desgaste excessivo dos componentes do motor.,"Checagem do blowby, guias de válvulas, selos do turbocompressor, respiro do motor/separador de óleo. O incorreto funcionamento do respiro do motor também pode causar vazamentos nos retentores do eixo virabrequim, pela elevada pressão no cárter.",1.0,5.6234,999.9905737984717,0.9966683459785431,Verde
Low,Event,E101,Engine,High Crankcase Pressure Warning,5.0,ABC00574,Ilhas Maldivas,E,E101,Respiro do cárter bloqueado/coagulado. Desgaste excessivo dos componentes do motor.,"Checagem do blowby, guias de válvulas, selos do turbocompressor, respiro do motor/separador de óleo. O incorreto funcionamento do respiro do motor também pode causar vazamentos nos retentores do eixo virabrequim, pela elevada pressão no cárter.",1.0,5.6234,999.9905737984717,1.6611139099642385,Verde
Low,Event,E101,Engine,High Crankcase Pressure Warning,2.0,ABC00576,Ilhas Maldivas,E,E101,Respiro do cárter bloqueado/coagulado. Desgaste excessivo dos componentes do motor.,"Checagem do blowby, guias de válvulas, selos do turbocompressor, respiro do motor/separador de óleo. O incorreto funcionamento do respiro do motor também pode causar vazamentos nos retentores do eixo virabrequim, pela elevada pressão no cárter.",1.0,5.6234,999.9905737984717,0.6644455639856955,Verde
High,Event,E13,Engine,High Crankcase Pressure Shutdown,1.0,ABC00574,Ilhas Maldivas,E,E13,"Componentes do motor desgastados, Respiro do cárter obstruído","Checagem do blowby, guias de válvulas, selos do turbocompressor, respiro do motor/separador de óleo. O incorreto funcionamento do respiro do motor também pode causar vazamentos nos retentores do eixo virabrequim, pela elevada pressão no cárter.",2.0,17.7828,400000.53081545467,132.8905417991544,Verde
High,Event,E13,Engine,High Crankcase Pressure Shutdown,2.0,ABC00576,Ilhas Maldivas,E,E13,"Componentes do motor desgastados, Respiro do cárter obstruído","Checagem do blowby, guias de válvulas, selos do turbocompressor, respiro do motor/separador de óleo. O incorreto funcionamento do respiro do motor também pode causar vazamentos nos retentores do eixo virabrequim, pela elevada pressão no cárter.",2.0,17.7828,400000.53081545467,265.7810835983088,Amarelo
Medium,Event,E15,Engine,High Engine Coolant Temperature Derate,3.0,ABC00546,Hendrix,E,E15,"Baixo nível do líquido de arrefecimento, qualidade do refrigerante, ar no sistema de arrefecimento, radiador, vazamento de refrigerante, ventilador de refrigeração do radiador defeituoso ","Inspecionar o nível do líquido de arrefecimento e Verificar sua qualidade, Verificar presença de ar no sistema de arrefecimento, Verificar as aletas de refrigeração no radiador. Verificar o sistema de arrefecimento quanto a vazamentos. Verificar se o motor não está com sobrecarga.",2.0,10.0,40000.0,39.8671096345515,Verde
Medium,Event,E15,Engine,High Engine Coolant Temperature Derate,2.0,ABC00547,Hendrix,E,E15,"Baixo nível do líquido de arrefecimento, qualidade do refrigerante, ar no sistema de arrefecimento, radiador, vazamento de refrigerante, ventilador de refrigeração do radiador defeituoso ","Inspecionar o nível do líquido de arrefecimento e Verificar sua qualidade, Verificar presença de ar no sistema de arrefecimento, Verificar as aletas de refrigeração no radiador. Verificar o sistema de arrefecimento quanto a vazamentos. Verificar se o motor não está com sobrecarga.",2.0,10.0,40000.0,26.578073089700997,Verde
Medium,Event,E15,Engine,High Engine Coolant Temperature Derate,4.0,ABC00548,Hendrix,E,E15,"Baixo nível do líquido de arrefecimento, qualidade do refrigerante, ar no sistema de arrefecimento, radiador, vazamento de refrigerante, ventilador de refrigeração do radiador defeituoso ","Inspecionar o nível do líquido de arrefecimento e Verificar sua qualidade, Verificar presença de ar no sistema de arrefecimento, Verificar as aletas de refrigeração no radiador. Verificar o sistema de arrefecimento quanto a vazamentos. Verificar se o motor não está com sobrecarga.",2.0,10.0,40000.0,53.15614617940199,Verde
High,Event,E16,Engine,High Engine Coolant Temperature Shutdown,3.0,ABC00546,Hendrix,E,E16,"Baixo nível do líquido de arrefecimento, ar no sistema de arrefecimento, vazamento de fluido, mangueiras danificadas, aftercooler defeituoso, bomba de líquido arrefecedor de água com revestimento defeituoso.","Verificar se o motor está operando com cargas muito altas. Verificar regulador de temperatura, se existe ar no sistema de arrefecimento, vazamento de fluido de arrefecimento, mangueiras danificadas e/ou aftercooler defeituoso.",2.0,17.7828,400000.53081545467,398.6716253974631,Vermelho
High,Event,E16,Engine,High Engine Coolant Temperature Shutdown,2.0,ABC00547,Hendrix,E,E16,"Baixo nível do líquido de arrefecimento, ar no sistema de arrefecimento, vazamento de fluido, mangueiras danificadas, aftercooler defeituoso, bomba de líquido arrefecedor de água com revestimento defeituoso.","Verificar se o motor está operando com cargas muito altas. Verificar regulador de temperatura, se existe ar no sistema de arrefecimento, vazamento de fluido de arrefecimento, mangueiras danificadas e/ou aftercooler defeituoso.",2.0,17.7828,400000.53081545467,265.7810835983088,Amarelo
High,Event,E16,Engine,High Engine Coolant Temperature Shutdown,4.0,ABC00548,Hendrix,E,E16,"Baixo nível do líquido de arrefecimento, ar no sistema de arrefecimento, vazamento de fluido, mangueiras danificadas, aftercooler defeituoso, bomba de líquido arrefecedor de água com revestimento defeituoso.","Verificar se o motor está operando com cargas muito altas. Verificar regulador de temperatura, se existe ar no sistema de arrefecimento, vazamento de fluido de arrefecimento, mangueiras danificadas e/ou aftercooler defeituoso.",2.0,17.7828,400000.53081545467,531.5621671966176,Vermelho
Low,Event,E162,Engine,High Boost Pressure,9.0,ABC00547,Hendrix,E,E162,,,,5.6234,,,Verde
Low,Event,E17,Engine,High Engine Coolant Temperature Warning,2.0,ABC00546,Hendrix,E,E17,"Baixo nível do líquido de arrefecimento, qualidade do refrigerante, ar no sistema de arrefecimento, radiador, vazamento de refrigerante, ventilador de refrigeração do radiador defeituoso ","Inspecionar o nível do líquido de arrefecimento e Verificar sua qualidade, Verificar presença de ar no sistema de arrefecimento, Verificar as aletas de refrigeração no radiador. Verificar o sistema de arrefecimento quanto a vazamentos. Verificar se o motor não está com sobrecarga.",1.0,5.6234,999.9905737984717,0.6644455639856955,Verde
Low,Event,E17,Engine,High Engine Coolant Temperature Warning,2.0,ABC00546,Hendrix,E,E17,"Baixo nível do líquido de arrefecimento, qualidade do refrigerante, ar no sistema de arrefecimento, radiador, vazamento de refrigerante, ventilador de refrigeração do radiador defeituoso ","Inspecionar o nível do líquido de arrefecimento e Verificar sua qualidade, Verificar presença de ar no sistema de arrefecimento, Verificar as aletas de refrigeração no radiador. Verificar o sistema de arrefecimento quanto a vazamentos. Verificar se o motor não está com sobrecarga.",2.0,5.6234,3999.962295193887,2.657782255942782,Verde
Low,Event,E17,Engine,High Engine Coolant Temperature Warning,2.0,ABC00547,Hendrix,E,E17,"Baixo nível do líquido de arrefecimento, qualidade do refrigerante, ar no sistema de arrefecimento, radiador, vazamento de refrigerante, ventilador de refrigeração do radiador defeituoso ","Inspecionar o nível do líquido de arrefecimento e Verificar sua qualidade, Verificar presença de ar no sistema de arrefecimento, Verificar as aletas de refrigeração no radiador. Verificar o sistema de arrefecimento quanto a vazamentos. Verificar se o motor não está com sobrecarga.",1.0,5.6234,999.9905737984717,0.6644455639856955,Verde
Low,Event,E17,Engine,High Engine Coolant Temperature Warning,2.0,ABC00547,Hendrix,E,E17,"Baixo nível do líquido de arrefecimento, qualidade do refrigerante, ar no sistema de arrefecimento, radiador, vazamento de refrigerante, ventilador de refrigeração do radiador defeituoso ","Inspecionar o nível do líquido de arrefecimento e Verificar sua qualidade, Verificar presença de ar no sistema de arrefecimento, Verificar as aletas de refrigeração no radiador. Verificar o sistema de arrefecimento quanto a vazamentos. Verificar se o motor não está com sobrecarga.",2.0,5.6234,3999.962295193887,2.657782255942782,Verde
Low,Event,E17,Engine,High Engine Coolant Temperature Warning,4.0,ABC00548,Hendrix,E,E17,"Baixo nível do líquido de arrefecimento, qualidade do refrigerante, ar no sistema de arrefecimento, radiador, vazamento de refrigerante, ventilador de refrigeração do radiador defeituoso ","Inspecionar o nível do líquido de arrefecimento e Verificar sua qualidade, Verificar presença de ar no sistema de arrefecimento, Verificar as aletas de refrigeração no radiador. Verificar o sistema de arrefecimento quanto a vazamentos. Verificar se o motor não está com sobrecarga.",1.0,5.6234,999.9905737984717,1.328891127971391,Verde
Low,Event,E17,Engine,High Engine Coolant Temperature Warning,4.0,ABC00548,Hendrix,E,E17,"Baixo nível do líquido de arrefecimento, qualidade do refrigerante, ar no sistema de arrefecimento, radiador, vazamento de refrigerante, ventilador de refrigeração do radiador defeituoso ","Inspecionar o nível do líquido de arrefecimento e Verificar sua qualidade, Verificar presença de ar no sistema de arrefecimento, Verificar as aletas de refrigeração no radiador. Verificar o sistema de arrefecimento quanto a vazamentos. Verificar se o motor não está com sobrecarga.",2.0,5.6234,3999.962295193887,5.315564511885564,Verde
Low,Event,E17,Engine,High Engine Coolant Temperature Warning,1.0,ABC00575,Ilhas Maldivas,E,E17,"Baixo nível do líquido de arrefecimento, qualidade do refrigerante, ar no sistema de arrefecimento, radiador, vazamento de refrigerante, ventilador de refrigeração do radiador defeituoso ","Inspecionar o nível do líquido de arrefecimento e Verificar sua qualidade, Verificar presença de ar no sistema de arrefecimento, Verificar as aletas de refrigeração no radiador. Verificar o sistema de arrefecimento quanto a vazamentos. Verificar se o motor não está com sobrecarga.",1.0,5.6234,999.9905737984717,0.33222278199284777,Verde
Low,Event,E17,Engine,High Engine Coolant Temperature Warning,1.0,ABC00575,Ilhas Maldivas,E,E17,"Baixo nível do líquido de arrefecimento, qualidade do refrigerante, ar no sistema de arrefecimento, radiador, vazamento de refrigerante, ventilador de refrigeração do radiador defeituoso ","Inspecionar o nível do líquido de arrefecimento e Verificar sua qualidade, Verificar presença de ar no sistema de arrefecimento, Verificar as aletas de refrigeração no radiador. Verificar o sistema de arrefecimento quanto a vazamentos. Verificar se o motor não está com sobrecarga.",2.0,5.6234,3999.962295193887,1.328891127971391,Verde
Low,Event,E173,Engine,High Exhaust Temperature Warning,4.0,ABA00223,Lewis Hamilton,E,E173,"Restrição da vazão de ar de admissão, vazamento no coletor de admissão ou descarga, retrição na descarga, injetores defeituosos, redução de performance do aftercooler.","Chegagem da entrada de ar do motor a procura de restrições ou vazamentos, checagem do coletor de descarga a procura de vazamentos entre o coletor e o turbo-compressor, checagem da saída da descarga de gases a procura de restrições ou alta co ntra-pressão, checagem da performance dos injetores, checagem do aftercooler a procura de vazamentos ou entupimento das aletas internas.",1.0,5.6234,999.9905737984717,1.328891127971391,Verde
Low,Event,E173,Engine,High Exhaust Temperature Warning,1.0,ABA00243,Lewis Hamilton,E,E173,"Restrição da vazão de ar de admissão, vazamento no coletor de admissão ou descarga, retrição na descarga, injetores defeituosos, redução de performance do aftercooler.","Chegagem da entrada de ar do motor a procura de restrições ou vazamentos, checagem do coletor de descarga a procura de vazamentos entre o coletor e o turbo-compressor, checagem da saída da descarga de gases a procura de restrições ou alta co ntra-pressão, checagem da performance dos injetores, checagem do aftercooler a procura de vazamentos ou entupimento das aletas internas.",1.0,5.6234,999.9905737984717,0.33222278199284777,Verde
Low,Event,E173,Engine,High Exhaust Temperature Warning,2.0,ABA00247,Lewis Hamilton,E,E173,"Restrição da vazão de ar de admissão, vazamento no coletor de admissão ou descarga, retrição na descarga, injetores defeituosos, redução de performance do aftercooler.","Chegagem da entrada de ar do motor a procura de restrições ou vazamentos, checagem do coletor de descarga a procura de vazamentos entre o coletor e o turbo-compressor, checagem da saída da descarga de gases a procura de restrições ou alta co ntra-pressão, checagem da performance dos injetores, checagem do aftercooler a procura de vazamentos ou entupimento das aletas internas.",1.0,5.6234,999.9905737984717,0.6644455639856955,Verde
Low,Event,E173,Engine,High Exhaust Temperature Warning,1.0,ABC00574,Ilhas Maldivas,E,E173,"Restrição da vazão de ar de admissão, vazamento no coletor de admissão ou descarga, retrição na descarga, injetores defeituosos, redução de performance do aftercooler.","Chegagem da entrada de ar do motor a procura de restrições ou vazamentos, checagem do coletor de descarga a procura de vazamentos entre o coletor e o turbo-compressor, checagem da saída da descarga de gases a procura de restrições ou alta co ntra-pressão, checagem da performance dos injetores, checagem do aftercooler a procura de vazamentos ou entupimento das aletas internas.",1.0,5.6234,999.9905737984717,0.33222278199284777,Verde
Low,Event,E173,Engine,High Exhaust Temperature Warning,5.0,ABC00575,Ilhas Maldivas,E,E173,"Restrição da vazão de ar de admissão, vazamento no coletor de admissão ou descarga, retrição na descarga, injetores defeituosos, redução de performance do aftercooler.","Chegagem da entrada de ar do motor a procura de restrições ou vazamentos, checagem do coletor de descarga a procura de vazamentos entre o coletor e o turbo-compressor, checagem da saída da descarga de gases a procura de restrições ou alta co ntra-pressão, checagem da performance dos injetores, checagem do aftercooler a procura de vazamentos ou entupimento das aletas internas.",1.0,5.6234,999.9905737984717,1.6611139099642385,Verde
Low,Event,E190,Engine,Engine Overspeed Warning,3.0,ABC00546,Hendrix,E,E190,Remoção de carga brusca no motor; Ar de admissão combustível.,Diminuição gradual de carga desse motor. Análise da atmosfera do ar de admissão do motor.,1.0,5.6234,999.9905737984717,0.9966683459785431,Verde
Low,Event,E190,Engine,Engine Overspeed Warning,4.0,ABC00547,Hendrix,E,E190,Remoção de carga brusca no motor; Ar de admissão combustível.,Diminuição gradual de carga desse motor. Análise da atmosfera do ar de admissão do motor.,1.0,5.6234,999.9905737984717,1.328891127971391,Verde
Low,Event,E190,Engine,Engine Overspeed Warning,3.0,ABC00548,Hendrix,E,E190,Remoção de carga brusca no motor; Ar de admissão combustível.,Diminuição gradual de carga desse motor. Análise da atmosfera do ar de admissão do motor.,1.0,5.6234,999.9905737984717,0.9966683459785431,Verde
Low,Event,E190,Engine,Engine Overspeed Warning,1.0,ABC00574,Ilhas Maldivas,E,E190,Remoção de carga brusca no motor; Ar de admissão combustível.,Diminuição gradual de carga desse motor. Análise da atmosfera do ar de admissão do motor.,1.0,5.6234,999.9905737984717,0.33222278199284777,Verde
Low,Event,E190,Engine,Engine Overspeed Warning,1.0,ABC00576,Ilhas Maldivas,E,E190,Remoção de carga brusca no motor; Ar de admissão combustível.,Diminuição gradual de carga desse motor. Análise da atmosfera do ar de admissão do motor.,1.0,5.6234,999.9905737984717,0.33222278199284777,Verde
High,Event,E198,Engine,Low Fuel Pressure,1.0,ABA00133,Lewis Hamilton,E,E198,"Tampa do tanque de combustível, Válvula reguladora de pressão de combustível, Válvula de alívio de pressão de combustível, Nível de combustível.","Verificar tampa do tanque de combustível, válvula reguladora de pressão de combustível, válvula de alívio de p ressão de combustível e nível de combustível.",1.0,17.7828,100000.13270386367,33.2226354497886,Verde
Medium,Event,E21,Engine,High Exhaust Temperature Derate,1.0,ABA00243,Lewis Hamilton,E,E21,"Restrição da vazão de ar de admissão, vazamento no coletor de admissão ou descarga, retrição na descarga, injetores defeituosos, redução de performance do aftercooler.","Checagem da entrada de ar do motor a procura de restrições ou vazamentos, checagem do coletor de descarga a procura de vazamentos entre o coletor e o turbo-compressor, checagem da saída da descarga de gases a procura de restrições ou alta co ntra-pressão, checagem da performance dos injetores, checagem do aftercooler a procura de vazamentos ou entupimento das aletas internas.",2.0,10.0,40000.0,13.289036544850498,Verde
Medium,Event,E21,Engine,High Exhaust Temperature Derate,1.0,ABC00574,Ilhas Maldivas,E,E21,"Restrição da vazão de ar de admissão, vazamento no coletor de admissão ou descarga, retrição na descarga, injetores defeituosos, redução de performance do aftercooler.","Checagem da entrada de ar do motor a procura de restrições ou vazamentos, checagem do coletor de descarga a procura de vazamentos entre o coletor e o turbo-compressor, checagem da saída da descarga de gases a procura de restrições ou alta co ntra-pressão, checagem da performance dos injetores, checagem do aftercooler a procura de vazamentos ou entupimento das aletas internas.",2.0,10.0,40000.0,13.289036544850498,Verde
Medium,Event,E21,Engine,High Exhaust Temperature Derate,4.0,ABC00575,Ilhas Maldivas,E,E21,"Restrição da vazão de ar de admissão, vazamento no coletor de admissão ou descarga, retrição na descarga, injetores defeituosos, redução de performance do aftercooler.","Checagem da entrada de ar do motor a procura de restrições ou vazamentos, checagem do coletor de descarga a procura de vazamentos entre o coletor e o turbo-compressor, checagem da saída da descarga de gases a procura de restrições ou alta co ntra-pressão, checagem da performance dos injetores, checagem do aftercooler a procura de vazamentos ou entupimento das aletas internas.",2.0,10.0,40000.0,53.15614617940199,Verde
Low,Event,E2143,Engine,Low Engine Coolant Level,1.0,ABB00231,Martin Miller,E,E2143,Baixo nível de liquido de arrefecimento.,"Checar por vazamentos no sistema de arrefecimento, aftercoolers, trocadores de calor.",1.0,5.6234,999.9905737984717,0.33222278199284777,Verde
Low,Event,E2143,Engine,Low Engine Coolant Level,17.0,ABC00574,Ilhas Maldivas,E,E2143,Baixo nível de liquido de arrefecimento.,"Checar por vazamentos no sistema de arrefecimento, aftercoolers, trocadores de calor.",1.0,5.6234,999.9905737984717,5.6477872938784115,Verde
Low,Event,E2143,Engine,Low Engine Coolant Level,2.0,ABC00576,Ilhas Maldivas,E,E2143,Baixo nível de liquido de arrefecimento.,"Checar por vazamentos no sistema de arrefecimento, aftercoolers, trocadores de calor.",1.0,5.6234,999.9905737984717,0.6644455639856955,Verde
High,Event,E225,Engine,Engine Overcrank,4.0,ABA00133,Lewis Hamilton,E,E225,"Códigos de diagnóstico, Códigos de eventos, Abastecimento de combustível, Fonte de alimentação elétrica para o Módulo de Controle Eletrônico ","Verificar o sistema de combustível, chicote de alimentação do ECM, chaves de parada, injetores e timing do motor.",1.0,17.7828,100000.13270386367,132.8905417991544,Verde
High,Event,E225,Engine,Engine Overcrank,1.0,ABA00243,Lewis Hamilton,E,E225,"Códigos de diagnóstico, Códigos de eventos, Abastecimento de combustível, Fonte de alimentação elétrica para o Módulo de Controle Eletrônico ","Verificar o sistema de combustível, chicote de alimentação do ECM, chaves de parada, injetores e timing do motor.",1.0,17.7828,100000.13270386367,33.2226354497886,Verde
High,Event,E225,Engine,Engine Overcrank,1.0,ABA00247,Lewis Hamilton,E,E225,"Códigos de diagnóstico, Códigos de eventos, Abastecimento de combustível, Fonte de alimentação elétrica para o Módulo de Controle Eletrônico ","Verificar o sistema de combustível, chicote de alimentação do ECM, chaves de parada, injetores e timing do motor.",1.0,17.7828,100000.13270386367,33.2226354497886,Verde
High,Event,E225,Engine #3,Engine Overcrank,2.0,ABB00230,Marica,E,E225,"Códigos de diagnóstico, Códigos de eventos, Abastecimento de combustível, Fonte de alimentação elétrica para o Módulo de Controle Eletrônico ","Verificar o sistema de combustível, chicote de alimentação do ECM, chaves de parada, injetores e timing do motor.",1.0,17.7828,100000.13270386367,66.4452708995772,Verde
High,Event,E225,Engine,Engine Overcrank,2.0,ABC00574,Ilhas Maldivas,E,E225,"Códigos de diagnóstico, Códigos de eventos, Abastecimento de combustível, Fonte de alimentação elétrica para o Módulo de Controle Eletrônico ","Verificar o sistema de combustível, chicote de alimentação do ECM, chaves de parada, injetores e timing do motor.",1.0,17.7828,100000.13270386367,66.4452708995772,Verde
High,Event,E225,Engine,Engine Overcrank,1.0,ABC00575,Ilhas Maldivas,E,E225,"Códigos de diagnóstico, Códigos de eventos, Abastecimento de combustível, Fonte de alimentação elétrica para o Módulo de Controle Eletrônico ","Verificar o sistema de combustível, chicote de alimentação do ECM, chaves de parada, injetores e timing do motor.",1.0,17.7828,100000.13270386367,33.2226354497886,Verde
High,Event,E225,Engine,Engine Overcrank,2.0,ABC00576,Ilhas Maldivas,E,E225,"Códigos de diagnóstico, Códigos de eventos, Abastecimento de combustível, Fonte de alimentação elétrica para o Módulo de Controle Eletrônico ","Verificar o sistema de combustível, chicote de alimentação do ECM, chaves de parada, injetores e timing do motor.",1.0,17.7828,100000.13270386367,66.4452708995772,Verde
High,Event,E264,Engine,Emergency Stop Activated,1.0,ABB00231,Martin Miller,E,E264,Botoeira de emergência pressionada,Verificar o correto funcionamento das botoeiras de emergência,1.0,17.7828,100000.13270386367,33.2226354497886,Verde
High,Event,E264,Engine,Emergency Stop Activated,1.0,ABC00576,Ilhas Maldivas,E,E264,Botoeira de emergência pressionada,Verificar o correto funcionamento das botoeiras de emergência,1.0,17.7828,100000.13270386367,33.2226354497886,Verde
Low,Event,E272,Engine,Inlet Air Restriction Warning,5.0,ABA00223,Lewis Hamilton,E,E272,Filtro de ar bloqueado/coagulado.,Checagem do filtro de ar e tubulações de admissão do motor.,1.0,5.6234,999.9905737984717,1.6611139099642385,Verde
Low,Event,E272,Engine,Inlet Air Restriction Warning,1.0,ABA00243,Lewis Hamilton,E,E272,Filtro de ar bloqueado/coagulado.,Checagem do filtro de ar e tubulações de admissão do motor.,1.0,5.6234,999.9905737984717,0.33222278199284777,Verde
Low,Event,E272,Engine,Inlet Air Restriction Warning,4.0,ABC00574,Ilhas Maldivas,E,E272,Filtro de ar bloqueado/coagulado.,Checagem do filtro de ar e tubulações de admissão do motor.,1.0,5.6234,999.9905737984717,1.328891127971391,Verde
Low,Event,E272,Engine,Inlet Air Restriction Warning,1.0,ABC00575,Ilhas Maldivas,E,E272,Filtro de ar bloqueado/coagulado.,Checagem do filtro de ar e tubulações de admissão do motor.,1.0,5.6234,999.9905737984717,0.33222278199284777,Verde
Low,Event,E279,Engine,High Aftercooler Temperature Warning,1.0,ABC00546,Hendrix,E,E279,"Circuito do Aftercooler - Baixo nível do líquido de arrefecimento, Qualidade de refrigerante, Ar no sistema de arrefecimento, Radiador, Vazamento de refrigerante, Ventilador de refrigeração do radiador defeituoso ","Verificar se o motor está operando com cargas muito altas. Verificar regulador de temperatura, se existe ar no sistema de arrefecimento, vazamento de fluido de arrefecimento, mangueiras danificadas e/ou aftercooler defeituoso.",1.0,5.6234,999.9905737984717,0.33222278199284777,Verde
Medium,Event,E31,Engine,Air Filter Restriction Derate,3.0,ABA00223,Lewis Hamilton,E,E31,Filtro de ar bloqueado/coagulado.,Checagem do filtro de ar e tubulações de admissão do motor.,2.0,10.0,40000.0,39.8671096345515,Verde
Medium,Event,E31,Engine,Air Filter Restriction Derate,1.0,ABA00243,Lewis Hamilton,E,E31,Filtro de ar bloqueado/coagulado.,Checagem do filtro de ar e tubulações de admissão do motor.,2.0,10.0,40000.0,13.289036544850498,Verde
Medium,Event,E31,Engine,Air Filter Restriction Derate,1.0,ABA00247,Lewis Hamilton,E,E31,Filtro de ar bloqueado/coagulado.,Checagem do filtro de ar e tubulações de admissão do motor.,2.0,10.0,40000.0,13.289036544850498,Verde
Medium,Event,E31,Engine,Air Filter Restriction Derate,1.0,ABC00574,Ilhas Maldivas,E,E31,Filtro de ar bloqueado/coagulado.,Checagem do filtro de ar e tubulações de admissão do motor.,2.0,10.0,40000.0,13.289036544850498,Verde
Medium,Event,E31,Engine,Air Filter Restriction Derate,1.0,ABC00575,Ilhas Maldivas,E,E31,Filtro de ar bloqueado/coagulado.,Checagem do filtro de ar e tubulações de admissão do motor.,2.0,10.0,40000.0,13.289036544850498,Verde
Low,Event,E38,Engine,Low Engine Coolant Temperature Warning,1.0,ABA00133,Lewis Hamilton,E,E38,Operação em fatores de carga altos com baixa temperatura do sistema de arrefecimento. Aumento brusco do fator de carga no motor com temperatura baixa de arrefecimento.,"Operação em fatores de carga muito baixos, Antes de assumir cargas altas, o motor deve ser preaquecido até a temperatura de trabalho; Utilização de aquecedor de água de jaqueta.",1.0,5.6234,999.9905737984717,0.33222278199284777,Verde
Low,Event,E38,Engine,Low Engine Coolant Temperature Warning,2.0,ABA00223,Lewis Hamilton,E,E38,Operação em fatores de carga altos com baixa temperatura do sistema de arrefecimento. Aumento brusco do fator de carga no motor com temperatura baixa de arrefecimento.,"Operação em fatores de carga muito baixos, Antes de assumir cargas altas, o motor deve ser preaquecido até a temperatura de trabalho; Utilização de aquecedor de água de jaqueta.",1.0,5.6234,999.9905737984717,0.6644455639856955,Verde
Low,Event,E38,Engine,Low Engine Coolant Temperature Warning,1.0,ABA00243,Lewis Hamilton,E,E38,Operação em fatores de carga altos com baixa temperatura do sistema de arrefecimento. Aumento brusco do fator de carga no motor com temperatura baixa de arrefecimento.,"Operação em fatores de carga muito baixos, Antes de assumir cargas altas, o motor deve ser preaquecido até a temperatura de trabalho; Utilização de aquecedor de água de jaqueta.",1.0,5.6234,999.9905737984717,0.33222278199284777,Verde
Low,Event,E38,Engine,Low Engine Coolant Temperature Warning,17.0,ABA00247,Lewis Hamilton,E,E38,Operação em fatores de carga altos com baixa temperatura do sistema de arrefecimento. Aumento brusco do fator de carga no motor com temperatura baixa de arrefecimento.,"Operação em fatores de carga muito baixos, Antes de assumir cargas altas, o motor deve ser preaquecido até a temperatura de trabalho; Utilização de aquecedor de água de jaqueta.",1.0,5.6234,999.9905737984717,5.6477872938784115,Verde
Low,Event,E38,Engine #3,Low Engine Coolant Temperature Warning,11.0,ABB00230,Marica,E,E38,Operação em fatores de carga altos com baixa temperatura do sistema de arrefecimento. Aumento brusco do fator de carga no motor com temperatura baixa de arrefecimento.,"Operação em fatores de carga muito baixos, Antes de assumir cargas altas, o motor deve ser preaquecido até a temperatura de trabalho; Utilização de aquecedor de água de jaqueta.",1.0,5.6234,999.9905737984717,3.654450601921325,Verde
High,Event,E4,Engine,Engine Overspeed Shutdown,3.0,ABC00546,Hendrix,E,E4,O shutdown ocorre quando o motor encontra-se em sobrevelocidade por um período de tempo elevado.,Diminuição gradual de carga desse motor. Análise da atmosfera do ar de admissão do motor.,2.0,17.7828,400000.53081545467,398.6716253974631,Vermelho
High,Event,E4,Engine,Engine Overspeed Shutdown,4.0,ABC00547,Hendrix,E,E4,O shutdown ocorre quando o motor encontra-se em sobrevelocidade por um período de tempo elevado.,Diminuição gradual de carga desse motor. Análise da atmosfera do ar de admissão do motor.,2.0,17.7828,400000.53081545467,531.5621671966176,Vermelho
High,Event,E4,Engine,Engine Overspeed Shutdown,3.0,ABC00548,Hendrix,E,E4,O shutdown ocorre quando o motor encontra-se em sobrevelocidade por um período de tempo elevado.,Diminuição gradual de carga desse motor. Análise da atmosfera do ar de admissão do motor.,2.0,17.7828,400000.53081545467,398.6716253974631,Vermelho
High,Event,E4,Engine,Engine Overspeed Shutdown,1.0,ABC00574,Ilhas Maldivas,E,E4,O shutdown ocorre quando o motor encontra-se em sobrevelocidade por um período de tempo elevado.,Diminuição gradual de carga desse motor. Análise da atmosfera do ar de admissão do motor.,2.0,17.7828,400000.53081545467,132.8905417991544,Verde
High,Event,E4,Engine,Engine Overspeed Shutdown,1.0,ABC00576,Ilhas Maldivas,E,E4,O shutdown ocorre quando o motor encontra-se em sobrevelocidade por um período de tempo elevado.,Diminuição gradual de carga desse motor. Análise da atmosfera do ar de admissão do motor.,2.0,17.7828,400000.53081545467,132.8905417991544,Verde
High,Event,E40,Engine,Low Engine Oil Pressure Shutdown,3.0,ABC00546,Hendrix,E,E40,"Baixo nível de óleo lubrificante, óleo lubrificante contaminado, viscosidade incorreta, sensores de pressão de óleo defeituosos, circulação imprópria do óleo lubrificante, componentes desgastados. Essa falha, caso não tratada, pode gerar consequências catastróficas nos motores.","Checar o nível de óleo,qualidade e viscosidade, verificar se o filtro de óleo está obstruido",2.0,17.7828,400000.53081545467,398.6716253974631,Vermelho
High,Event,E40,Engine,Low Engine Oil Pressure Shutdown,4.0,ABC00547,Hendrix,E,E40,"Baixo nível de óleo lubrificante, óleo lubrificante contaminado, viscosidade incorreta, sensores de pressão de óleo defeituosos, circulação imprópria do óleo lubrificante, componentes desgastados. Essa falha, caso não tratada, pode gerar consequências catastróficas nos motores.","Checar o nível de óleo,qualidade e viscosidade, verificar se o filtro de óleo está obstruido",2.0,17.7828,400000.53081545467,531.5621671966176,Vermelho
High,Event,E40,Engine,Low Engine Oil Pressure Shutdown,3.0,ABC00548,Hendrix,E,E40,"Baixo nível de óleo lubrificante, óleo lubrificante contaminado, viscosidade incorreta, sensores de pressão de óleo defeituosos, circulação imprópria do óleo lubrificante, componentes desgastados. Essa falha, caso não tratada, pode gerar consequências catastróficas nos motores.","Checar o nível de óleo,qualidade e viscosidade, verificar se o filtro de óleo está obstruido",2.0,17.7828,400000.53081545467,398.6716253974631,Vermelho
Low,Event,E48,Engine #5,Backup ECM Took Control,3.0,ABB00232,Florianopolis,E,E48,"Tensão da bateria do ECM principal, Perda do sinal do ECM principal, códigos de diagnóstico para as solenóides do injetor, condição de sobrevelocidade do motor.",O ECM secundário assumirá o controle de governar o motor se o sinal de pulsação do ECM principal para o ECM secundário for interrompido. Verifique se o fio que transporta o sinal de pulsação do ECM principal para o ECM secundário não está aberto ou se o fio não está em curto.,1.0,5.6234,999.9905737984717,0.9966683459785431,Verde
Medium,Event,E7,Engine,High Aftercooler Temperature Derate,1.0,ABC00546,Hendrix,E,E7,"Circuito do Aftercooler - Baixo nível do líquido de arrefecimento, Qualidade de refrigerante, Ar no sistema de arrefecimento, Radiador, Vazamento de refrigerante, Ventilador de refrigeração do radiador defeituoso ","Verificar se o motor está operando com cargas muito altas. Verificar regulador de temperatura, se existe ar no sistema de arrefecimento, vazamento de fluido de arrefecimento, mangueiras danificadas e/ou aftercooler defeituoso.",2.0,10.0,40000.0,13.289036544850498,Verde
High,Event,E8,Engine,High Aftercooler Temperature Shutdown,1.0,ABC00546,Hendrix,E,E8,"Circuito do Aftercooler - Baixo nível do líquido de arrefecimento, ar no sistema de arrefecimento, vazamento de fluido, mangueiras danificadas, aftercooler defeituoso, bomba de líquido arrefecedor de água com revestimento defeituoso.","Verificar se o motor está operando com cargas muito altas. Verificar regulador de temperatura, se existe ar no sistema de arrefecimento, vazamento de fluido de arrefecimento, mangueiras danificadas e/ou aftercooler defeituoso.",2.0,17.7828,400000.53081545467,132.8905417991544,Verde
Medium,Event,E9,Engine,High Altitude Derate,2.0,ABA00247,Lewis Hamilton,E,E9,"Sensor defeituoso, chicote defeituoso.",Checagem do sensor e chicote; Troca do sensor e chicote.,2.0,10.0,40000.0,26.578073089700997,Verde
Medium,Event,E9,Engine,High Altitude Derate,1.0,ABC00576,Ilhas Maldivas,E,E9,"Sensor defeituoso, chicote defeituoso.",Checagem do sensor e chicote; Troca do sensor e chicote.,2.0,10.0,40000.0,13.289036544850498,Verde
Low,Event,E95,Engine,Fuel Filter Restriction Warning,7.0,ABA00133,Lewis Hamilton,E,E95,Aumento do diferencial de pressão no filtro de combustível; Necessidade de troca do filtro de combustível; Instalação incorreta dos sensores de pressão de entrada/saída de combustível.,Checagem do posicionamento de instalação dos sensores de pressão; Troca dos filtros de combustível.,1.0,5.6234,999.9905737984717,2.325559473949934,Verde
Low,Event,E95,Engine,Fuel Filter Restriction Warning,1.0,ABA00223,Lewis Hamilton,E,E95,Aumento do diferencial de pressão no filtro de combustível; Necessidade de troca do filtro de combustível; Instalação incorreta dos sensores de pressão de entrada/saída de combustível.,Checagem do posicionamento de instalação dos sensores de pressão; Troca dos filtros de combustível.,1.0,5.6234,999.9905737984717,0.33222278199284777,Verde
Low,Event,E95,Engine,Fuel Filter Restriction Warning,1.0,ABA00243,Lewis Hamilton,E,E95,Aumento do diferencial de pressão no filtro de combustível; Necessidade de troca do filtro de combustível; Instalação incorreta dos sensores de pressão de entrada/saída de combustível.,Checagem do posicionamento de instalação dos sensores de pressão; Troca dos filtros de combustível.,1.0,5.6234,999.9905737984717,0.33222278199284777,Verde
Low,Event,E95,Engine,Fuel Filter Restriction Warning,1.0,ABA00247,Lewis Hamilton,E,E95,Aumento do diferencial de pressão no filtro de combustível; Necessidade de troca do filtro de combustível; Instalação incorreta dos sensores de pressão de entrada/saída de combustível.,Checagem do posicionamento de instalação dos sensores de pressão; Troca dos filtros de combustível.,1.0,5.6234,999.9905737984717,0.33222278199284777,Verde
Low,Event,E95,Engine #3,Fuel Filter Restriction Warning,1.0,ABB00230,Marica,E,E95,Aumento do diferencial de pressão no filtro de combustível; Necessidade de troca do filtro de combustível; Instalação incorreta dos sensores de pressão de entrada/saída de combustível.,Checagem do posicionamento de instalação dos sensores de pressão; Troca dos filtros de combustível.,1.0,5.6234,999.9905737984717,0.33222278199284777,Verde
Low,Event,E99,Engine,Engine Oil Filter Restriction Warning,6.0,ABA00133,Lewis Hamilton,E,E99,Aumento do diferencial de pressão no filtro de óleo; Necessidade de troca do filtro de óleo; Instalação incorreta dos sensores de pressão de entrada/saída de óleo.,Checagem do posicionamento de instalação dos sensores de pressão; Troca dos filtros.,1.0,5.6234,999.9905737984717,1.9933366919570863,Verde
Low,Event,E99,Engine,Engine Oil Filter Restriction Warning,30.0,ABA00247,Lewis Hamilton,E,E99,Aumento do diferencial de pressão no filtro de óleo; Necessidade de troca do filtro de óleo; Instalação incorreta dos sensores de pressão de entrada/saída de óleo.,Checagem do posicionamento de instalação dos sensores de pressão; Troca dos filtros.,1.0,5.6234,999.9905737984717,9.966683459785433,Verde
Low,Event,E99,Engine,Engine Oil Filter Restriction Warning,3.0,ABC00546,Hendrix,E,E99,Aumento do diferencial de pressão no filtro de óleo; Necessidade de troca do filtro de óleo; Instalação incorreta dos sensores de pressão de entrada/saída de óleo.,Checagem do posicionamento de instalação dos sensores de pressão; Troca dos filtros.,1.0,5.6234,999.9905737984717,0.9966683459785431,Verde
Low,Event,E99,Engine,Engine Oil Filter Restriction Warning,4.0,ABC00547,Hendrix,E,E99,Aumento do diferencial de pressão no filtro de óleo; Necessidade de troca do filtro de óleo; Instalação incorreta dos sensores de pressão de entrada/saída de óleo.,Checagem do posicionamento de instalação dos sensores de pressão; Troca dos filtros.,1.0,5.6234,999.9905737984717,1.328891127971391,Verde
Low,Event,E99,Engine,Engine Oil Filter Restriction Warning,3.0,ABC00548,Hendrix,E,E99,Aumento do diferencial de pressão no filtro de óleo; Necessidade de troca do filtro de óleo; Instalação incorreta dos sensores de pressão de entrada/saída de óleo.,Checagem do posicionamento de instalação dos sensores de pressão; Troca dos filtros.,1.0,5.6234,999.9905737984717,0.9966683459785431,Verde
Low,Event,E99,Engine,Engine Oil Filter Restriction Warning,15.0,ABC00574,Ilhas Maldivas,E,E99,Aumento do diferencial de pressão no filtro de óleo; Necessidade de troca do filtro de óleo; Instalação incorreta dos sensores de pressão de entrada/saída de óleo.,Checagem do posicionamento de instalação dos sensores de pressão; Troca dos filtros.,1.0,5.6234,999.9905737984717,4.983341729892716,Verde
